# DnB kick reference: 16th positions per bar (snare on 4 / 12), "|" between bars; third column = snare.
# Ghosthack Upfront Drum and Bass "DnB_Kick_n_Snare" loops (170-172 BPM), HPDG_BreakLab analyze --bpm <label> --hits,
# 16th = round(t / 16th) from the file start. See docs/audit/DNB_STAGE.md.
ghupfront_kicksnare01	0 10|0 10|0 10|0 10	4 12|4 12|4 12|4 12
ghupfront_kicksnare02	0 6|0 6 10|0 6|0 6 10	4 10|4|4 10|4 12
ghupfront_kicksnare03	0 11 14|10 15|0 11 14|10	4 12|4 12|0 4 12|4 12
ghupfront_kicksnare04	0 6 10|0 6 10|0 6 10|0 6 10	4 12|4 12|4 12|4 12
ghupfront_kicksnare05	0 2 10|0 2 10|0 2 10|0 2 10	4 12|4 12|4 12|4 12
ghupfront_kicksnare06	0 2 7 10 14|2 7 10|0 2 7 10 14|2 7 10	4 12|4 12|4 12|4 12
ghupfront_kicksnare07	0 2 6|2 6|0 2 6|2 6	4 10|4 10|4 10|4 10
ghupfront_kicksnare08	0 10 14|10 15|0 10 14|10 15	4 8 12|0 4 8 12|4 8 12|0 4 8 12
ghupfront_kicksnare09	0 10|2 10 14|0 10|2 10	4 7 12 15|4 7 12|4 7 12 15|4 7 12 15
ghupfront_kicksnare10	0|10 14|0|	4 7 12 15|4 12|4 12 15|4 7 12
ghupfront_kicksnare11	0 10|6 10|0 10|6	4|4 12|4|4 12
ghupfront_kicksnare12	0 3 6 11 14|3 6 11 14|0 3 6 11 14|3 6 11 14	4 12|4 12|4 12|4 12
ghupfront_kicksnare13	0 7 10|2 10 14|0 7 10|0 2 10 15	4 12|4 12|4 12|4 12
ghupfront_kicksnare14	0 2 6 8 10|0 2 6 10 14|0 2 6 8 10|0 2 6 10	4 12|4 12|4 12|4 12
ghupfront_kicksnare15	0 3 6 14|0 3 6 14|0 3 6 14|0 3 6	10|10|4 10|4 10
ghupfront_kicksnare16	0 2 10|0 2 10|0 2 10|0 2 10	4 14|4 14|4 14|4 14
ghupfront_kicksnare17	0 3 10|3 10 14|0 3 10|3 10 14	4 12|4 12|4 12|4 12
ghupfront_kicksnare18	0 6 14|0 6 12 13 14|0 6 14|0 6 12 15	4 10|4 10|4 10|4 10
ghupfront_kicksnare19	0 2 9 10|0 2 9 10|0 2 9 10|0 2 9 10	2 4 12|2 4 12|2 4 12|2 4 12
ghupfront_kicksnare20	0 5 6 13 15|0 5 6 10 15|0 5 6 13 15|0 5 6 10 15	4 10|4 12|4 10|4 12
ghupfront_kicksnare21	0 10 11 14|10 15|0 11 14|10	4 12|4 12|4 12|4 12
ghupfront_kicksnare22	0 5 6 10|0 5 6 10 15|0 5 6 10|0 5 6 10 15	4 6 14|4 12|0 4 14|4 6 12
ghupfront_kicksnare23	0 2 10|0 2 10|0 2 10|0 2 10	4 12|4 12|4 12|4 12
ghupfront_kicksnare24	0 2 4 5 10 13|0 2 5 10|0 2 4 5 10 13|0 2 5 10	4 13|4 12|4 13|4 12
ghupfront_kicksnare25	0 2 7 10 14|2 7 10 15|0 2 7 10 14|2 7 10 15	4 12|4 12|4 12|4 12
ghupfront_kicksnare26	0 2 6 13|0 2 6|0 2 6 13|0 2 6	4 10|4 10|0 4 10|4 10
ghupfront_kicksnare27	0 3 10|2 6 10 14|0 3 10|2 6 10 14	4 12|4 12|4 12|4 12
ghupfront_kicksnare28	0 3 10 14|2 6 10 14|3 10 14|2 6 10 14	4 7 12 15|4 7 12 15|0 4 7 12 15|4 7 12 15
ghupfront_kicksnare29	0 6 14|10 14|0 6 14|10 14	4 12|4 12|4 12|4 12
ghupfront_kicksnare30	0 10|6 10|0 10|6 10	4|4 12|4|4 12
ghupfront_kicksnare31	0 2 3 6 14|3 6 7 11 14|0 2 3 6 11 14|3 6 11 14	4 12|4||4 12
ghupfront_kicksnare32	0 7 10|2 4 10 14|0 7 10|0	5 13|5 13|5 13|
ghupfront_kicksnare33	0 2 6 8 10|0 2 6 10 14|0 2 6 8 10|0 2 6 10	4 12 14|4 12|4 12 14|4 12 14
ghupfront_kicksnare34	0 3 6 14|0 3 6 14|0 3 6 14|0 3 6 14	2 4 10|2 10|2 10|2 10
ghupfront_kicksnare35	0 1 2 10|0 2 10|0 1 2 10|0 2 10	1 4 14|4 14|1 4 14|4 14
ghupfront_kicksnare36	0 1 2 10|0 1 2 10 12|0 1 2 10|0 1 2 10 12	1 3 4 14 15|1 4 12 14|1 3 4 14 15|1 3 4 12 14
ghupfront_kicksnare37	0 3 10|2 3 10 14|0 3 10|2 3 10 14	2 12 15|2 12|2 12 15|12
ghupfront_kicksnare38	0 6 14|0 2 6 12 13 14|0 6 14|0 2 6 12 15	2 4 10|2 4 10|2 4 10|2 4 10
ghupfront_kicksnare39	0 2 3 10|10|0 2 3 10|10	4 14|4 14|4 14|4 14
ghupfront_kicksnare40	0 3 10|3 10 14|0 3 10|3 10 14	2 4 12|12|2 4 12|4 12
ghupfront_kicksnare41	0 6 14|0 6 12 13 14|0 6 14|0 6 12 13 14	4 10|4 10|4 10|4 10
ghupfront_kicksnare42	0 2 6 9 10 14|0 2 6 9 10 14|0 2 6 9 10 14|0 2 6 9 10 14	2 4 12|2 4 12|2 4 12|2 4 12
ghupfront_kicksnare43	0 2 6 9 14|0 2 6 7 9 10 14|0 2 6 9 14|0 2 6 7 9 10 14	2 4 9 10|2 4 9|2 4 10|2 4 9 12
ghupfront_kicksnare44	0 3 4 10 11 14|4 6 10 15|4 11 14|4 10	1 12 14|11 12|0|12
ghupfront_kicksnare45	0 5 10|0 5 10 15|0 5 10 14|0 5 10 15	4 14|4 12|4 14|4 12
ghupfront_kicksnare46	0 2 6 10|0 2 6 10|0 2 5 6 10|0 2 6 10	4 5 13|2 4 5 12|2 4 5 13|4 12
ghupfront_kicksnare47	2 9|0 9|2 9|0 9	4 12|0 4 12|4 12|0 4 12
ghupfront_kicksnare48	0 7 14||0 7 14|	4 12|4 12|4 12|4 12
ghupfront_kicksnare49	0 2 6 13 15|0 2 6 15|0 2 6 13 15|0 2 6 15	4 10|4 10|4 10|4 10
ghupfront_kicksnare50	0 3 6 14|10 14|0 3 6 14|10	4 5 12 13|4 5 12 13|5 12 13|4 5 12 13
ghupfront_kicksnare51	0 10|6 10|0 10|6 10	4 6|3 4 12|4 6|3 4 12
ghupfront_kicksnare52	0 2 3 5 6 8 10 11 13 14|0 2 3 5 6 8 10 11 13 14|0 5 6 8 10 11 13 14|0 2 3 5 6 8 10 11 13 14	4 11 12|4 12|4 12|3 4 12
