# DnB hats reference: 16th positions per bar, "|" between bars. Built with tools/dnb_stems.py hats
# from HPDG_BreakLab analyze --bpm <label> --hits reports; step = round(t / 16th) from the file start.
GS_FAZE_174_Drum_01_Hat_V1	0 2 4 6 8 10 12 14|0 2 4 6 8 10 12 14|0 2 4 6 8 10 12 14|0 2 4 6 8 10 12 14|0 2 4 6 8 10 12 14|0 2 4 6 8 10 12 14|0 2 4 6 8 10 12 14|0 2	10.00
GS_FAZE_174_Drum_01_Hat_V2	0 2 4 6 8 10 12 14|0 2 4 6 8 10 12 14|0 2 4 6 8 10 12 14|0 2 4 6 8 10 12 14|0 2 4 6 8 10 12 14|0 2 4 6 8 10 12 14|0 2 4 6 8 10 12 14|	9.62
GS_FAZE_174_Drum_02_Hat_V1	0 2 3 4 5 6 7 8 10 11 12 14|0 1 2 3 4 5 6 7 8 9 10 11 12 14|0 1 2 3 4 5 6 7 8 10 11 12 14|0 1 2 3 4 5 6 7 8 10 11 12 14|0 1 2 3 4 5 6 7 8 10 11 12 14|0 1 2 3 4 5 6 7 8 10 11 12 14|0 1 2 3 4 5 6 7 8 9 10 11 12 14|0 1 2 3 4 5 6 7 8 9 10 11	18.75
GS_FAZE_174_Drum_02_Hat_V2	0 2 3 4 5 6 7 8 9 10 12 14 15|0 2 3 4 5 6 7 8 9 10 11 12 14 15|0 2 3 4 5 6 7 8 9 10 11 12 14 15|0 2 3 4 5 6 7 8 9 10 11 12 14 15|0 2 3 4 5 6 7 8 9 10 11 12 14 15|0 2 3 4 5 6 7 8 9 10 12 14 15|0 2 3 4 5 6 7 8 9 10 11 12 13 14 15|0 8 10 11	18.25
GS_FAZE_174_Drum_03_Hat_V1	0 2 4 6 8 10 12 14|0 2 4 6 8 10 12 14|0 2 4 6 8 10 12 14|0 2 4 6 8 10 12 14|0 2 4 6 8 10 12 14|0 2 4 6 8 10 12 14|0 2 4 6 8 10 12 14|0 2 4 6	9.00
GS_FAZE_174_Drum_03_Hat_V2	0 2 4 6 8 10 12 14|0 2 4 6 8 10 12 14|0 2 4 6 8 10 12 14|0 2 4 6 8 10 12 14|0 2 4 6 8 10 12 14|0 2 4 6 8 10 12 14|0 2 4 6 8 10 12 14|	9.00
GS_FAZE_174_Drum_04_Hat_V1	0 2 3 4 7 8 12 14|0 2 3 4 7 8 10 12 14 15|0 2 3 4 7 8 12 14 15|0 2 3 4 7 8 10 12|0 2 3 4 7 8 12 14 15|0 2 3 4 7 8 10 12 14 15|0 2 3 4 7 8 12 14|0 2 3 4	12.50
GS_FAZE_174_Drum_04_Hat_V2	0 2 3 4 6 7 8 9 10 12 14|0 2 3 4 6 7 8 9 10 12 14 15|0 2 3 4 6 7 8 9 10 12 14|0 2 3 4 6 7 8 9 10 12 14|0 2 3 4 6 7 8 9 10 12 14|0 2 3 4 6 7 8 9 10 12 14 15|0 2 3 4 6 7 8 9 10 12 14|0 2 3 4 6 7 8 9 10 12	17.62
GS_FAZE_174_Drum_05_Hat_V1	0 1 3 4 5 7 8 9 11 12 13 15|0 1 3 4 5 7 8 9 11 12 13 15|0 1 3 4 5 7 8 9 11 12 13 15|0 1 3 4 5 7 8 9 11 12 13 15|0 1 3 4 5 7 8 9 11 12 13 15|0 1 3 4 5 7 8 9 11 12 13 15|0 1 3 4 5 7 8 9 11 12 13 15|0 1 3 4 5 7 8 9 11 12	20.75
GS_FAZE_174_Drum_05_Hat_V2	0 1 3 4 5 7 8 9 11 12 13 15|0 1 3 4 5 7 8 9 11 12 13 15|0 1 3 4 5 7 8 9 11 12 13 15|0 1 3 4 5 7 8 9 11 12 13 15|0 1 3 4 5 7 8 9 11 12 13 15|0 1 3 4 5 7 8 9 11 12 13 15|0 1 3 4 5 7 8 9 11 12 13 15|0 1 3 4 5 7 8 9 11	18.38
GS_FAZE_174_Drum_06_Hat_V1	0 1 2 3 4 5 6 7 8 9 10 11 12 13 14 15|0 1 2 3 4 5 6 7 8 9 10 11 12 13 14 15|0 1 2 3 4 5 6 7 8 9 10 12 14 15|0 1 2 3 4 5 6 7 8 9 10 11 12 13 14 15|0 2 3 4 5 6 7 8 9 10 11 12 13 14 15|0 1 2 3 4 5 6 7 8 9 10 11 12 14 15|0 1 2 3 4 5 6 7 8 9 10 11 12 14 15|0 2 3 4 5 6 7 8 9 10 11 12 14 15	21.25
GS_FAZE_174_Drum_06_Hat_V2	0 1 2 3 4 6 7 8 9 10 12 14 15|0 2 3 4 6 7 8 9 10 12 13 14 15|0 1 2 3 4 6 7 8 9 10 12 14|0 2 3 4 6 7 8 9 10 12 13 14 15|0 2 3 4 6 7 8 9 10 12 14 15|0 2 3 4 6 7 8 9 10 12 13 14 15|0 4 8 12|0 4 8 10 12	14.12
GS_FAZE_174_Drum_07_Hat_V1	0 2 4 8 12|0 4 8 12|0 2 4 8 12|0 4 7 8 9 10 12|0 2 4 8 12|0 4 8 12|0 2 4 8 12|0 4 7 8 9 10 11 12	6.75
GS_FAZE_174_Drum_07_Hat_V2	0 2 4 6 8 10 12 14|0 2 4 6 8 10 12 14|0 2 4 6 8 10 12 14|0 2 4 6 7 8 9 10 12 14|0 2 4 6 8 10 12|0 2 4 6 8 10 12 14|0 2 4 8 12|12	7.25
GS_FAZE_174_Drum_08_Hat_V1	0 2 4 5 6 8 9 10 12 14|0 1 2 4 5 6 8 10 12 13 14|0 1 2 4 5 6 8 9 10 12 14|0 1 2 4 6 8 9 10 12 13 14|0 2 4 6 8 9 10 12 14|0 2 4 5 6 8 9 10 12 14|0 1 2 4 5 6 8 9 10 12 14|0 2 4 5 6 8 9 10 12 13 14	13.75
GS_FAZE_174_Drum_08_Hat_V2	0 1 2 4 5 6 8 10 11 12 13 14|0 2 4 5 6 8 10 12 13 14|0 1 2 4 5 6 8 9 10 12 13 14|0 2 4 5 6 8 10 12 13 14|0 2 4 5 6 8 9 10 12 13 14 15|0 1 2 4 5 6 8 9 10 12 13 14|0 1 2 4 5 6 8 10 12 13 14|	14.88
GS_FAZE_174_Drum_09_Hat_V1	0 4 6 8 9 12 14|0 4 6 8 9 12 14|0 4 6 8 9 12 14|0 4 6 8 9 12 14|0 4 6 8 9 12 14|0 4 6 8 9 12 14|0 4 6 8 9 12 14|0	9.38
GS_FAZE_174_Drum_09_Hat_V2	0 2 4 6 8 9 10 12 14|0 2 4 6 8 9 12 14|0 2 4 6 8 9 10 12 14|0 2 4 6 8 9 12 14|0 2 4 6 8 9 10 12 14|0 2 4 6 8 9 12 14|0 2 4 6 8 9 10 12 14|0	11.62
GS_FAZE_174_Drum_10_Hat_V1	0 1 2 3 4 6 7 8 9 10 11 12 14 15|0 1 2 3 4 6 7 8 9 10 11 12 14 15|0 1 2 3 4 6 7 8 9 10 11 12 14 15|0 1 2 3 4 6 7 8 9 10 11 12 14 15|0 1 2 3 4 6 7 8 9 10 11 12 14 15|0 1 2 3 4 6 7 8 9 10 11 12 14 15|0 1 2 3 4 6 7 8 9 10 11 12 14 15|0 1 2 3 4	17.38
GS_FAZE_174_Drum_10_Hat_V2	0 1 2 3 4 6 7 8 9 10 11 12 14 15|0 1 2 3 4 6 7 8 9 10 11 12 15|0 1 2 3 4 6 7 8 9 10 11 12 14 15|0 1 2 3 4 6 7 8 9 10 11 12 14 15|0 1 2 3 4 6 7 8 9 10 12 14 15|0 1 3 4 6 7 8 9 12 14 15|0 2 3 4 7 8 9 12 15|0 3 4	15.50
GS_FAZE_174_Drum_11_Hat_V1	0 2 4 6 7 8 9 10 11 12 14 15|0 2 4 6 7 8 10 12 14 15|0 2 4 6 7 8 9 10 12 14 15|0 2 4 6 7 8 9 10 11 12 14 15	13.75
GS_FAZE_174_Drum_11_Hat_V2	0 2 3 4 5 6 7 8 9 10 11 12 14 15|0 2 4 6 7 8 10 11 12 14 15|0 2 3 4 6 7 8 9 10 12 14 15|0 2 4 6 7 8 9 10 12 14 15	14.50
GS_FAZE_174_Drum_12_Hat_V1	0 2 4 6 8 10 12 14|0 2 4 6 8 10 12 14|0 2 4 6 8 10 12 14|0 2 4 6 8 10 12 14|0 2 4 6 8 10 12 14|0 2 4 6 8 10 12 14|0 2 4 6 8 10 12 14|0 2 4 6 8 10	11.38
GS_FAZE_174_Drum_12_Hat_V2	0 2 4 5 6 8 9 10 12 13 14|0 1 2 4 5 6 8 9 10 12 13 14|0 2 4 5 6 8 9 10 12 13 14|0 1 2 4 5 6 8 9 10 12 13 14|0 2 4 5 6 8 10 12 13 14|0 1 2 4 5 6 8 10 12 13 14|0 2 4 5 6 8 10 12 13 14|	15.75
GS_FAZE_174_Drum_13_Hat	0 4 8 12|0 4 8 12|0 4 8 12|0 4 8 12|0 4 8 12|0 4 8 12|0 4 8 12|0 4 6 7 8 10 12 13 14 15	5.25
GS_FAZE_174_Drum_14_Hat_V1	0 4 8 10 12|0 4 7 8 10 12|0 4 8 10 12|0 4 7 8 10 12|0 4 8 10 12|0 4 7 8 10 12|0 4 8 10 12|0 4 7	5.12
GS_FAZE_174_Drum_14_Hat_V2	0 1 2 3 4 5 6 7 8 9 10 11 12 13 14 15|0 1 2 3 4 5 6 7 8 9 10 11 12 13 14 15|0 1 2 3 4 5 6 7 8 9 10 11 12 13 14 15|0 1 2 3 4 5 6 7 8 9 10 11 12 13 14 15|0 1 2 3 4 5 6 7 8 9 10 11 12 13 14 15|0 1 2 3 4 5 6 7 8 9 10 11 12 13 14 15|0 1 2 3 4 5 6 7 8 9 10 11 12 13 14 15|0	14.38
GS_FAZE_174_Drum_15_Hat	0 1 2 3 5 6 7 8 11 13 14 15|1 2 3 5 6 8 11 13 14 15|1 2 3 5 6 7 8 11 13 14 15|0 1 2 3	12.75
GS_FAZE_174_Drum_16_Hat	0 2 4 6 8 10 12 14|0 2 4 6 8 9 10 12 14|0 2 3 4 6 8 9 10 12 14|0 2 4	10.75
GS_FAZE_174_Drum_17_Hat_V1	0 2 4 6 7 8 10 12 14 15|0 1 2 4 6 8 10 12 14 15|0 2 4 6 8 12 14 15|0 1 2 4 6 7 8 10 12 14 15|0 2 4 6 7 8 12 14 15|0 2 4 6 7 8 10 12 14 15|0 2 4 6 7 8 12 14 15|	12.38
GS_FAZE_174_Drum_17_Hat_V2	0 2 4 6 7 8 9 10 12 14 15|0 2 4 6 8 9 10 12 14 15|0 2 4 6 8 9 10 12 14 15|0 2 4 6 8 9 10 12 14 15|0 2 4 6 8 9 10 12 14 15|0 2 4 6 7 8 9 10 12 14 15|0 2 4 6 7 8 9 10 12 14 15|	12.38
GS_FAZE_174_Drum_18_Hat	0 2 4 6 8 10 12 14|0 2 4 6 8 10 12 14|2 4 6 8 12 14|0 2 4 6 8 12 14|2 4 6 8 10 12 14|0 2 4 6 8 10 12 14|2 4 6 8 10 12 14|0 2 4 6	9.00
