# DnB kick / snare reference (freaky): 16th positions per bar, "|" between bars;
# third column = snare. Built with tools/dnb_phrase.py tsv from HPDG_BreakLab analyze --hits reports.
freaky_freaky_01_174	0|0|0|0|0|0|0|	4 7 10||4 10|4 10|4 7 10||4 10|4 10
freaky_freaky_02_174	0 7 10|0 7 10|0 7 10|0 7 10|7 10|0 7 10|0 7 10|7 10	4 12|4 12|4 12|4 12|4 12|4 12|4 12|4 12
freaky_freaky_03_174	|12|12|12|12|12|12|12|12|12|12|12|12|12|12|12	|4|4|4|4|4|4|4|4|4|4|4|4|4|4|4
freaky_freaky_04_174	0 6 7 10|0 6 7 10|0 6 7 10|6 10|0 6 7 10|0 6 7 10|0 6 7 10|2 8 10	4 12|4 12|4 12|4 14|4 12|4 12|4 12 14|4 12 14
freaky_freaky_05_174	|12|12|12|12|12|12|0 12|0|12|12|12|12|12|12|12	|4|4|4|4|4|4|4|4|4|4|4|4|4|4|4
freaky_freaky_06_174	0 10|0 10|0 10|0 10	4 12|4 12|4 12|4 12
freaky_freaky_07_174	0 10|0 10|10|10	4 12|4 12|4 12|4 12
freaky_freaky_08_174	0 2 6 7 10 14|2 6 7 14|0 2 6 7 10 14|0 2 6 7 10 14	4 12|4 12|4 12|4 12
freaky_freaky_09_174	0 12|2 8 12|0 4 12|2 8 12	8 11 14|1 4 7 10 13 14|8 11 14|1 4 7 10 13 14
freaky_freaky_10_174	0 6|0 6|6|0 6	4 8|4 8|4 8|4 8
freaky_freaky_11_174	0 2 3 6 8 9 14|6 8 10|0 6 8 10|0 6 8 10	0 4 6 12|4 8 12|0 4 12|0 4 12
freaky_freaky_12_174	0 8 14|0 4 10|2 8 14|4 10	0 4 10|6 12|0 4 10|6 12
freaky_freaky_13_174	0 10|0 10|0 10|10	4 12|4 12|4 12|4 12
freaky_freaky_14_174	0 10|0 10|0 10|0 10	4|4|4|4
freaky_freaky_15_174	0 6 10|6 10|0 6 10|6 10	4 12 15|4 12 15|4 12 15|4 12 15
freaky_freaky_16_174	0 10|2 10|0 10|2 10	4 12|4 12|4 12|4 12
freaky_freaky_17_174	0 6|0 6|0 6|6	4 12|4 12|4 12|4 12
freaky_freaky_18_174	0 10 14|0 10 14|10 14|0 10 14	4 12|4 12|4 12|4 12
freaky_freaky_19_174	0 6 10|0 2 10|0 6 10|0 10	9|9|9|9
freaky_freaky_20_174	0 10|0 10|0 10|10	4 12|4 12|4 12|4 12
freaky_freaky_21_174	0 10|0 10|0 10|0 10	4 12|4 12|4 12|4 12
freaky_freaky_22_174	0|0 10||8	0 2 4 10 12 15|2 4 12 15|0 2 4 10 12 15|2 4 10 12 15
freaky_freaky_23_174	0 10|0 10|0 10|10	4 12|4 12|4 12|4 12
freaky_freaky_24_174	0 6 12|0 6 12|6 12|0 6 12	4 10|4 10|4 10|4 10 12
freaky_freaky_25_174	0 10|0 2 10|10|2 10	4 12|4 12|4 12|4 12
freaky_freaky_26_174	0 3 7 8 15|0 3 7 8 15|0 3 7 8 15|0 3 7 8 15|0 3 7 8 15|0 3 7 8 15|0 3 7 8 15|0 3 7 14|	4 12|4 12|4 12|4 12|4 12|4 12|4 12|4 8 9 10 15|
