# DnB hats reference #2: Ghosthack Upfront Drum and Bass "DnB_Top" loops (53, hats + percussion - "tops"). Built with tools/dnb_stems.py hats
# from HPDG_BreakLab analyze --bpm <label> --hits reports; step = round(t / 16th) from the file start.
DnB_top01_loop_170	0 1 4 6 7 8 10 12 14 15|0 1 4 7 8 10 12 14 15|0 1 4 7 8 10 12 14 15|0 1 4 6 7 8 10 12 15	15.00
DnB_top02_loop_170	0 2 4 6 8 10 12 14 15|0 2 4 6 8 10 12 14 15|0 2 4 6 8 10 12 14|0 2 4 6 8 10 11 12 14 15	14.50
DnB_top03_loop_170	0 4 8 10 12|0 4 8 10 12 15|0 4 8 12|0 4 8 12 15	7.50
DnB_top04_loop_170	0 1 2 3 4 6 7 8 9 10 11 12 14 15|0 1 2 4 6 7 8 9 10 11 12 14 15|0 1 2 3 4 6 8 9 10 11 12 14 15|0 1 2 3 4 6 7 8 9	16.00
DnB_top05_loop_170	2 4 6 10 12 14|2 4 6 10 12 14|2 4 6 10 12 14|2 4 6 10 12 14	10.50
DnB_top06_loop_170	0 4 8 12|0 4 8 12|0 3 4 8 12|0 3 4 8 12	6.75
DnB_top07_loop_170	0 2 4 8 10 12 15|0 3 4 8 12 15|0 2 4 6 8 10 12 15|0	8.00
DnB_top08_loop_170	0 2 4 6 7 8 10 11 12 14|0 2 4 6 7 8 10 11 12 14 15|0 2 4 6 8 10 11 12 14|0 2 4 6 7 8 11 12 14 15	16.25
DnB_top09_loop_170	0 1 2 3 4 5 6 7 8 9 10 11 12 13 14 15|0 1 2 3 4 5 6 7 8 9 10 11 12 13 14 15|0 1 2 3 4 5 6 7 8 9 10 11 12 13 14 15|0 1 2 3 4 5 6 7 8 9 10 11 12 13 14 15	25.50
DnB_top10_loop_170	0 1 3 4 5 6 7 8 9 11 12 13 14 15|0 1 3 4 5 6 7 8 9 11 12 13 14 15|0 1 3 4 5 6 7 8 9 11 12 13 14 15|0 1 3 4 5 6 7 8 9 11 12 13 14 15	19.50
DnB_top11_loop_170	0 2 3 4 6 7 8 11 12 14 15|0 2 4 6 7 8 11 12 14 15|0 2 4 6 7 8 11 12 14 15|0 2 4 6 7 8 11 12 14 15	13.25
DnB_top12_loop_170	0 1 2 3 4 6 7 8 9 10 11 12 14 15|0 1 2 3 4 6 7 8 9 10 11 12 14 15|0 1 2 3 4 6 7 8 9 10 11 12 14 15|0 1 2 3 4 6 7 8 9 10 11 12 14 15	19.75
DnB_top13_loop_170	0 4 8 12 14|0 4 8 10 12|0 4 8 12 14|0 4 8 10 12	8.00
DnB_top14_loop_170	0 3 4 6 8 9 12 14|0 3 4 6 8 10 12 14|0 3 4 6 8 9 12 14|0 3 4 6 8 10 12 14	9.00
DnB_top15_loop_170	0 2 3 4 6 7 8 9 10 12 13 14 15|0 1 2 3 4 6 7 8 9 10 12 13 14|0 1 2 3 4 6 7 8 10 12 13 14 15|0 1 2 3 4 6 7 8 9 10 12 14 15	15.75
DnB_top16_loop_170	0 2 3 4 6 8 9 10 12 14 15|0 2 3 4 6 8 9 10 12 14 15|0 2 3 4 5 6 8 9 10 12 14 15|0 2 3 4 6 8 9 10 12 14 15	15.25
DnB_top17_loop_170	0 2 3 4 6 8 10 12 14 15|0 2 3 4 6 8 10 11 12 14 15|0 2 3 4 6 8 9 10 12 14 15|0 2 3 4 6 8 9 10 11 12 14 15	14.00
DnB_top18a_loop_170	0 2 3 5 6 8 9 11 12 14 15|0 2 3 5 6 8 9 11 12 14 15|0 2 3 5 6 8 9 11 12 14 15|0 2 3 5 6 8 9 11 12 14 15	16.50
DnB_top18b_loop_170	0 2 4 5 8 10 11 12 14|0 2 3 4 6 8 9 10 12 14 15|0 2 4 5 6 8 10 11 12 14|0 2 3 4 6 8 9 10 12 14 15	14.00
DnB_top19_loop_170	0 2 4 6 8 12 14|0 2 4 6 8 12 14|0 2 4 6 8 12 14|0 2 4 6 8 12 14	8.00
DnB_top20_loop_170	0 2 3 4 6 7 8 10 11 12 13 14 15|0 2 3 4 6 7 8 10 11 12 13 14 15|0 2 3 4 6 8 10 11 12 13 14 15|0 2	16.25
DnB_top21_loop_172	0 2 3 4 6 7 8 9 10 11 12 14 15|0 2 3 4 6 7 8 9 10 11 12 14 15|0 2 3 4 6 7 8 9 10 11 12 14 15|0 2 3 4	14.75
DnB_top22_loop_172	0 2 3 4 6 7 8 9 12 14|0 2 4 6 7 8 9 11 12 15|0 2 3 4 6 7 8 9 11 12 14 15|0 2 4 6 7 8 9 11 12 15	16.00
DnB_top23_loop_172	0 2 4 6 7 8 10 12 14 15|0 2 4 6 7 8 10 12 14 15|0 2 4 6 7 8 10 12 14 15|0 2 4 6 7 8 10 12 14	13.50
DnB_top24_loop_172	0 2 4 6 8 10 12 14|0 2 4 6 8 10 12 14|0 2 4 6 8 9 10 12 14|0 2 4 6 8	11.75
DnB_top25_loop_172	0 2 3 6 8 11 14|0 2 3 4 5 6 8 11 13 14 15|0 2 3 6 8 11 14|0 2 3 4 5 6 8 11 13 14	11.50
DnB_top26_loop_172	0 3 4 6 8 11 14 15|0 2 4 5 6 8 11 14 15|0 3 4 6 8 11 14 15|0 2	8.50
DnB_top27_loop_172	0 2 4 6 7 8 10 12 14 15|0 2 4 6 7 8 10 12 14 15|0 2 4 6 7 8 10 12 14 15|0 2 4 6 7 8 10 12 14 15	15.25
DnB_top28_loop_172	0 2 4 6 7 8 10 11 12 14 15|0 2 3 4 6 7 8 10 11 12 13 14|0 2 3 4 6 7 8 10 11 12 14 15|0 2 3 4 6 8 9 10	15.75
DnB_top29_loop_172	0 2 4 8 12 14|0 2 4 6 8 10 12 14|0 2 4 6 8 10 12|0 2 4 6 8 10 12 14	10.25
DnB_top30_loop_172	0 2 4 6 8 10 12 14|0 2 4 6 8 10 12 14|0 2 4 6 8 10 12 14|0 2 4 6 8 10 12 14	14.50
DnB_top31_loop_172	0 1 2 3 4 8 9 10 12 14 15|0 1 2 3 4 8 9 10 12 14 15|0 1 2 3 4 5 8 9 10 12 14 15|0 1 2 3 4 8 9 10 11 12 14 15	16.00
DnB_top32_loop_172	0 1 2 4 5 8 10 12 14|0 1 2 4 5 8 10 12 14|0 1 2 4 5 8 10 12 13 14|0 1 2 4 5	11.50
DnB_top33_loop_172	0 1 2 3 4 6 7 11 12 13 15|2 3 5 7 9 12 13 15|0 1 2 3 4 6 7 11 12 13 14 15|2 3 5 7 9 12 13 15	11.75
DnB_top34_loop_172	1 2 4 7 11 12 14 15|1 2 4 7 11 12 14|1 2 4 7 11 12 14 15|1 2 4 7 9 11 12 13 15	10.50
DnB_top35_loop_172	3 11 14 15|3 11 14 15|3 11 14 15|3 11 12 14 15	6.50
DnB_top36_loop_172	0 2 4 6 8 10 12 14|0 2 4 6 8 10 12 14|0 2 4 6 8 10 12 14|0 2 4 6 8 10 12 14	11.00
DnB_top37_loop_172	0 1 2 3 4 6 7 8 9 10 11 12 14 15|0 1 2 3 4 6 7 8 9 10 12 13 14 15|0 1 2 3 4 6 7 8 9 10 11 12 14 15|0 1 2 3 4 6 7 9 10 12 13 14 15	19.25
DnB_top38_loop_172	0 2 4 6 8 10 11 12|0 2 4 6 8 10 11 12 14|0 2 4 6 8 10 11 12 14 15|0 2 4 6 8 10 11 12 14	11.00
DnB_top39_loop_174	0 1 2 4 6 7 8 9 10 12 14 15|0 1 2 4 6 7 8 9 10 12 14 15|0 1 2 4 6 7 8 9 10 12 14 15|0 1 2 4	12.00
DnB_top40_loop_174	0 1 2 4 5 6 8 9 11 12 13 14|0 1 2 4 5 6 8 9 12 13 14|0 1 2 4 5 6 8 9 10 12 13 14|0 1 2 4 5 6 8 9 12 13 14	20.50
DnB_top41_loop_174	0 4 5 7 8 12 13|0 4 5 8 12 13|0 4 5 6 7 8 12 13|0 4 5 8 12 13	9.00
DnB_top42_loop_174	0 2 3 4 8 10 11 12 13 15|0 2 3 4 8 9 10 11 12 13 15|0 2 3 4 5 6 8 10 11 12 13|0 2	10.25
DnB_top43_loop_174	0 2 4 6 10 11 12 13 15|0 2 3 4 6 10 11 12 13 15|0 2 3 4 5 6 10 11 12 13 15|0 2	11.00
DnB_top44_loop_174	0 2 4 6 8 10 12 14|0 2 4 5 6 8 10 12 14|0 2 4 6 8 10 12 14|0 2 4 6 8 10 12 14	11.25
DnB_top45_loop_174	0 2 4 5 7 8 10 12 14 15|0 2 4 6 7 8 10 12 14 15|0 2 4 5 7 8 10 12 14 15|0 2	10.75
DnB_top46_loop_174	0 2 4 6 7 8 10 12 14|0 2 4 6 7 8 10 12 14|0 2 4 6 7 8 10 12 14|0 2 4 6 7 8 10 11 12 14	14.25
DnB_top47_loop_174	4 5 6 7 8 9 10 11 12 13 14 15|0 3 4 5 6 7 8 9 10 11 12 13 14 15|0 3 4 5 6 7 8 9 10 11 12 13 14 15|0 1 3 4 5 6 7 8 9 10 11 12 13 14 15	17.00
DnB_top48_loop_174	0 4 5 6 7 8 9 10 11 12 13 14 15|0 4 5 6 7 8 9 10 11 12 13 14 15|0 4 5 6 7 8 9 10 11 12 13 14 15|0 1 4 5 6 7 8 9 10 11 12 13 14 15	19.25
DnB_top49_loop_174	0 1 2 4 5 6 7 8 9 12 13 14 15|0 1 2 3 4 5 6 7 8 9 10 12 13 14 15|0 1 2 4 5 6 7 8 9 10 12 13 14 15|0 1 2 3 4	15.75
DnB_top50_loop_174	0 4 8 12 14|0 2 4 8 12 14 15|0 4 8 12 14|0 2	6.25
DnB_top51_loop_174	0 4 5 6 8 9 10 11 12 13 14 15|0 2 4 5 6 8 9 10 11 12 13 14 15|0 2 4 5 6 8 9 10 11 12 13 14 15|0 2	16.00
DnB_top52_loop_174	0 1 2 4 5 6 8 9 10 11 12 13 14|0 1 2 3 4 5 6 7 8 9 10 11 12 13 14 15|0 1 2 4 5 6 7 8 9 10 11 12 13 14 15|0 1 2 3 4 5 6 8 9 10 11 12 13 14 15	22.00
