C:/Users/Ham_h/Downloads/Ghosthack Ultimate Trap and Hip Hop Construction Kits/_All_Alone_(Key_A#)_(140Bpm)/_02_WAV_Loops	Kick-140bpm-A#.wav	CLap-140bpm-A#.wav	Hats-140bpm-A#.wav
C:/Users/Ham_h/Downloads/Ghosthack Ultimate Trap and Hip Hop Construction Kits/_AMEN_(Key_Gmin)_(125Bpm)/_02_WAV_Loops	Kick-125bpm-Gmin.wav	Clap-125bpm-Gmin.wav	Hats-125bpm-Gmin.wav
C:/Users/Ham_h/Downloads/Ghosthack Ultimate Trap and Hip Hop Construction Kits/_B1g_T1mers_(Key_EMaj)_(130Bpm)/_02_WAV_Loops	Kick-130bpm-EMaj.wav	Clap-130bpm-EMaj.wav	Hats-130bpm-EMaj.wav
C:/Users/Ham_h/Downloads/Ghosthack Ultimate Trap and Hip Hop Construction Kits/_Bands_(Key_Emaj)_(140Bpm)/_02_WAV_Loops	Kick Loop - 140BPM - E Major.wav	Snare Loop - 140BPM - E Major.wav	Hats Loop - 140BPM - E Major.wav
C:/Users/Ham_h/Downloads/Ghosthack Ultimate Trap and Hip Hop Construction Kits/_Bitty_(Key_Dmin)_(155Bpm)/_02_WAV_Loops	Kick-155bpm-Dmin.wav	Snare-155bpm-Dmin.wav	Hats-155bpm-Dmin.wav
C:/Users/Ham_h/Downloads/Ghosthack Ultimate Trap and Hip Hop Construction Kits/_Chinatown_(Key_Cmin)_(160Bpm)/_02_WAV_Loops	Kick-160bpm-Cmin.wav	Clap-160bpm-Cmin.wav	Hats-160bpm-Cmin.wav
C:/Users/Ham_h/Downloads/Ghosthack Ultimate Trap and Hip Hop Construction Kits/_Circus_Animals_(Key_Fmin)_(115Bpm)/_02_WAV_Loops	Kick Loop - 115 - Fminor.wav	Snare Loop - 115 - Fminor.wav	Hats Loop - 115 - Fminor.wav
C:/Users/Ham_h/Downloads/Ghosthack Ultimate Trap and Hip Hop Construction Kits/_Double_Dare_(Key_Gmin)_(120Bpm)/_02_WAV_Loops	Kick-120bpm-Gmin.wav	Snare-120bpm-Gmin.wav	Hats-120bpm-Gmin.wav
C:/Users/Ham_h/Downloads/Ghosthack Ultimate Trap and Hip Hop Construction Kits/_Extra_(Key_Bmin)_(140Bpm)/_02_WAV_Loops	Kick-140bpm-Bmin.wav	Clap-140bpm-Bmin.wav	Hats-140bpm-Bmin.wav
C:/Users/Ham_h/Downloads/Ghosthack Ultimate Trap and Hip Hop Construction Kits/_Gatling_(Key_AMin)_(145Bpm)/_02_WAV_Loops	Kick-145bpm-AMin.wav	Clap-145bpm-AMin.wav	Hats-145bpm-AMin.wav
C:/Users/Ham_h/Downloads/Ghosthack Ultimate Trap and Hip Hop Construction Kits/_Ghost_Town_(Key_Gmin)_(130Bpm)/_02_WAV_Loops	Kick-130bpm-Gmin.wav	Clap-130bpm-Gmin.wav	Hats-130bpm-Gmin.wav
C:/Users/Ham_h/Downloads/Ghosthack Ultimate Trap and Hip Hop Construction Kits/_Grim_Reaper_(Key_Emaj)_(88Bpm)/_02_WAV_Loops	Kick-88bpm-Emaj.wav	Clap-88bpm-Emaj.wav	Hat-88bpm-Emaj.wav
C:/Users/Ham_h/Downloads/Ghosthack Ultimate Trap and Hip Hop Construction Kits/_Hallows_Eve_(Key_C)_(83Bpm)/_02_WAV_Loops	Kick - C - 82.5.wav	Snare - C - 82.5.wav	Hats - C - 82.5.wav
C:/Users/Ham_h/Downloads/Ghosthack Ultimate Trap and Hip Hop Construction Kits/_Horns_And_Halos_(Key_EMajor)_(134Bpm)/_02_WAV_Loops	Kick-134bpm-EMajor.wav	Clap-134bpm-EMajor.wav	Hats-134bpm-EMajor.wav
C:/Users/Ham_h/Downloads/Ghosthack Ultimate Trap and Hip Hop Construction Kits/_Lonnie_Bands_(Key_C)_(138Bpm)/_02_WAV_Loops	Kick Loop-138BPM-C-Purpp Kit-Mocha Jones.wav	Snare Loop-138BPM-C-Purpp Kit-Mocha Jones.wav	Hats Loop-138BPM-C-Purpp Kit-Mocha Jones.wav
C:/Users/Ham_h/Downloads/Ghosthack Ultimate Trap and Hip Hop Construction Kits/_No_Games_(Key_Amin)_(140Bpm)/_02_WAV_Loops	Kick-140bpm-Amin.wav	Clap-140bpm-Amin.wav	Hats-140bpm-Amin.wav
C:/Users/Ham_h/Downloads/Ghosthack Ultimate Trap and Hip Hop Construction Kits/_Nut_Up_(Key_Fm)_(127Bpm)/_02_WAV_Loops	Kick.wav	Snare.wav	Hats.wav
C:/Users/Ham_h/Downloads/Ghosthack Ultimate Trap and Hip Hop Construction Kits/_Off_The_Head_(Key_CMin)_(135Bpm)/_02_WAV_Loops	Kick-135bpm-CMin.wav	Clap-135bpm-CMin.wav	Hats-135bpm-CMin.wav
C:/Users/Ham_h/Downloads/Ghosthack Ultimate Trap and Hip Hop Construction Kits/_Raid_(Key_GMin)_(146Bpm)/_02_WAV_Loops	Kick-146bpm-GMin.wav	Clap-146bpm-GMin.wav	Hats-146bpm-GMin.wav
C:/Users/Ham_h/Downloads/Ghosthack Ultimate Trap and Hip Hop Construction Kits/_Revenge_Of_Toby_(Key_GMin)_(130Bpm)/_02_WAV_Loops	Kick-130bpm-GMin.wav	Clap-130bpm-GMin.wav	Hats-130bpm-GMin.wav
C:/Users/Ham_h/Downloads/Ghosthack Ultimate Trap and Hip Hop Construction Kits/_Sacred_(Key_AMin)_(145Bpm)/_02_WAV_Loops	Kick-145bpm-AMin.wav	Clap-145bpm-AMin.wav	Hats-145bpm-AMin.wav
C:/Users/Ham_h/Downloads/Ghosthack Ultimate Trap and Hip Hop Construction Kits/_Sada_(Key_B)_(160Bpm)/_02_WAV_Loops	Kick Loop-160BPM-B-Purpp Kit-Mocha Jones.wav	Snare Loop-160BPM-B-Purpp Kit-Mocha Jones.wav	Hats Loop-160BPM-B-Purpp Kit-Mocha Jones.wav
C:/Users/Ham_h/Downloads/Ghosthack Ultimate Trap and Hip Hop Construction Kits/_Scrap_(Key_AHarmMinor)_(135Bpm)/_02_WAV_Loops	Kick-135bpm-AHarmMinor.wav	Snare-135bpm-AHarmMinor.wav	Hats-135bpm-AHarmMinor.wav
C:/Users/Ham_h/Downloads/Ghosthack Ultimate Trap and Hip Hop Construction Kits/_Status_Quo_(Key_F_Minor)_(130Bpm)/_02_WAV_Loops	Kick-130bpm-Fminor.wav	Clap-130bpm-Fminor.wav	Hats-130bpm-Fminor.wav
C:/Users/Ham_h/Downloads/Ghosthack Ultimate Trap and Hip Hop Construction Kits/_Sticks_(Key_Gmin)_(142Bpm)/_02_WAV_Loops	Kick Loop - 142 - Gminor.wav	Snare Loop - 142 - Gminor.wav	Hats Loop - 142 - Gminor.wav
C:/Users/Ham_h/Downloads/Ghosthack Ultimate Trap and Hip Hop Construction Kits/_Surge_(Key_Cm)_(135Bpm)/_02_WAV_Loops	Kick.wav	Snare.wav	Hats.wav
C:/Users/Ham_h/Downloads/Ghosthack Ultimate Trap and Hip Hop Construction Kits/_Sweets_(Key_Bminor)_(160Bpm)/_02_WAV_Loops	Kick-160bpm-Bminor.wav	Clap-160bpm-Bminor.wav	Perc Hats-160bpm-Bminor.wav
C:/Users/Ham_h/Downloads/Ghosthack Ultimate Trap and Hip Hop Construction Kits/_They_Dont_Know_(Key_EHarmMin)_(120Bpm)/_02_WAV_Loops	Kick 1-120bpm-EHarmMin.wav	Clap 1-120bpm-EHarmMin.wav	Hats 1-120bpm-EHarmMin.wav
C:/Users/Ham_h/Downloads/Ghosthack Ultimate Trap and Hip Hop Construction Kits/_They_Dont_Know_(Key_EHarmMin)_(120Bpm)/_02_WAV_Loops	Kick 2-120bpm-EHarmMin.wav	Clap 2-120bpm-EHarmMin.wav	Hats 2-120bpm-EHarmMin.wav
C:/Users/Ham_h/Downloads/Ghosthack Ultimate Trap and Hip Hop Construction Kits/_The_Bad_Guy_(Key_GMaj)_(140Bpm)/_02_WAV_Loops	Kick-140bpm-GMaj.wav	Snare-140bpm-GMaj.wav	Hats-140bpm-GMaj.wav
C:/Users/Ham_h/Downloads/Ghosthack Ultimate Trap and Hip Hop Construction Kits/_Travii_(Key_F#Min)_(155Bpm)/_02_WAV_Loops	Kick-155bpm-F#Min.wav	Clap-155bpm-F#Min.wav	Hats-155bpm-F#Min.wav
C:/Users/Ham_h/Downloads/Ghosthack Ultimate Trap and Hip Hop Construction Kits/_Trippin_(Key_GMin)_(115Bpm)/_02_WAV_Loops	Kick-115bpm-GMin.wav	Clap-115bpm-GMin.wav	Hats-115bpm-GMin.wav
C:/Users/Ham_h/Downloads/Ghosthack Ultimate Trap and Hip Hop Construction Kits/_Trouble_Squad_(Key_FMin)_(120Bpm)/_02_WAV_Loops	Kick-120bpm-FMin.wav	Clap-120bpm-FMin.wav	Hats-120bpm-FMin.wav
C:/Users/Ham_h/Downloads/Ghosthack Ultimate Trap and Hip Hop Construction Kits/_Unconventional_(Key_G)_(130Bpm)/_02_WAV_Loops	Kick Loop-130BPM-G-Purpp Kit-Mocha Jones.wav	Snare Loop-130BPM-G-Purpp Kit-Mocha Jones.wav	Hats Loop-130BPM-G-Purpp Kit-Mocha Jones.wav
C:/Users/Ham_h/Downloads/Ghosthack Ultimate Trap and Hip Hop Construction Kits/_Under_Water_(Key_C#Min)_(130Bpm)/_02_WAV_Loops	Kick-130bpm-C#Min.wav	Clap-130bpm-C#Min.wav	Hats-130bpm-C#Min.wav
C:/Users/Ham_h/Downloads/Ghosthack Ultimate Trap and Hip Hop Construction Kits/_Unstable_(Key_CMin)_(155Bpm)/_02_WAV_Loops	Kick-155bpm-CMin.wav	Clap-155bpm-CMin.wav	Hats-155bpm-CMin.wav
C:/Users/Ham_h/Downloads/Ghosthack Ultimate Trap and Hip Hop Construction Kits/_Vladimir_(Key_CMin)_(146Bpm)/_02_WAV_Loops	Kick-146bpm-CMin.wav	Clap-146bpm-CMin.wav	Hats-146bpm-CMin.wav
C:/Users/Ham_h/Downloads/Ghosthack Ultimate Trap and Hip Hop Construction Kits/_White_Lies_(Key_C)_(137Bpm)/_02_WAV_Loops	Kick-137bpm-C.wav	Snare-137bpm-C.wav	Hats-137bpm-C.wav
C:/Users/Ham_h/Downloads/Astro Loops Rap Monster WAV MiD/01 084 bpm/wav	01_kick.wav	01_clap.wav	01_cymbal.wav
C:/Users/Ham_h/Downloads/Astro Loops Rap Monster WAV MiD/02 110 bpm/wav	02_kick.wav	02_snare.wav	02_hihat.wav
C:/Users/Ham_h/Downloads/Astro Loops Rap Monster WAV MiD/03 119 bpm/wav	03_kick.wav	03_snare.wav	03_cymbal.wav
C:/Users/Ham_h/Downloads/Astro Loops Rap Monster WAV MiD/04 080 bpm/wav	04_kick.wav	04_snare.wav	04_hihat.wav
C:/Users/Ham_h/Downloads/Astro Loops Rap Monster WAV MiD/05 083 bpm/wav	05_kick.wav	05_clap.wav	05_hihat.wav
C:/Users/Ham_h/Downloads/Sample Magic - Dusty Hip-Hop 3/loops/drum_loops	dhh3_100_drum_loop_business_kick.wav	dhh3_100_drum_loop_business_snare.wav	dhh3_100_drum_loop_business_hats.wav
C:/Users/Ham_h/Downloads/Sample Magic - Dusty Hip-Hop 3/loops/drum_loops	dhh3_100_drum_loop_cage_kick.wav	dhh3_100_drum_loop_cage_snare.wav	dhh3_100_drum_loop_cage_hats.wav
C:/Users/Ham_h/Downloads/Sample Magic - Dusty Hip-Hop 3/loops/drum_loops	dhh3_100_drum_loop_chapel_kick.wav	dhh3_100_drum_loop_chapel_snare.wav	dhh3_100_drum_loop_chapel_cymbals.wav
C:/Users/Ham_h/Downloads/Sample Magic - Dusty Hip-Hop 3/loops/drum_loops	dhh3_100_drum_loop_coast_kick.wav	dhh3_100_drum_loop_coast_snare.wav	dhh3_100_drum_loop_coast_hats.wav
C:/Users/Ham_h/Downloads/Sample Magic - Dusty Hip-Hop 3/loops/drum_loops	dhh3_100_drum_loop_colors_kick.wav	dhh3_100_drum_loop_colors_snare.wav	dhh3_100_drum_loop_colors_hats.wav
C:/Users/Ham_h/Downloads/Sample Magic - Dusty Hip-Hop 3/loops/drum_loops	dhh3_100_drum_loop_motion_kick.wav	dhh3_100_drum_loop_motion_snare.wav	dhh3_100_drum_loop_motion_hats.wav
C:/Users/Ham_h/Downloads/Sample Magic - Dusty Hip-Hop 3/loops/drum_loops	dhh3_100_drum_loop_rollin_kick.wav	dhh3_100_drum_loop_rollin_snare.wav	dhh3_100_drum_loop_rollin_hats.wav
C:/Users/Ham_h/Downloads/Sample Magic - Dusty Hip-Hop 3/loops/drum_loops	dhh3_100_drum_loop_rusty_kick.wav	dhh3_100_drum_loop_rusty_snare.wav	dhh3_100_drum_loop_rusty_hats.wav
C:/Users/Ham_h/Downloads/Sample Magic - Dusty Hip-Hop 3/loops/drum_loops	dhh3_100_drum_loop_smash_kick.wav	dhh3_100_drum_loop_smash_snare.wav	dhh3_100_drum_loop_smash_cymbals.wav
C:/Users/Ham_h/Downloads/Sample Magic - Dusty Hip-Hop 3/loops/drum_loops	dhh3_100_drum_loop_theme_kick.wav	dhh3_100_drum_loop_theme_snare.wav	dhh3_100_drum_loop_theme_hats.wav
C:/Users/Ham_h/Downloads/Controversial Loops - Secrets Of The Trap/CLSOTT_Kits/light em up (tempo 131 bpm)/drums	kick (light em up tempo 131 bpm).wav	snare (light em up tempo 131 bpm).wav	hihat (light em up tempo 131 bpm).wav
# sets found: 54
