corpus,file,bytes,sha256,labeled_bpm
classic_breaks,100.6 BPM - Gladys Knight - Who Is She.wav,1683380,bf2301dd615dfdcf91ee5f5dc8ff9a2fbe0bfcc94203e5b2b506b4c379e207e7,100.6
classic_breaks,101 BPM - James Brown - Funky Drummer.wav,838380,f2406775db374bdb9a20814ce6e73d53383eb4f196a2b52e03044c2f40ba209f,101
classic_breaks,101.6 BPM - Ray Charles Never Ending Song Of Love.wav,833428,fedee72d800c1fd9e302015f780bc5231b9a377b880178276cd9f530b10c5750,101.6
classic_breaks,102 BPM - Billy Squier - Big Beat.wav,1660276,e0487c142a5985b035f4cf3037c47dec5ef59fa9272fd24005d92f378033b6f8,102
classic_breaks,102 BPM - Funky Constellation - Street Talk (Madam Rapper).wav,1660276,3a15d8016c79885c5c1116902aca40968c6949f4de5db33984697ae0dcd9a9d3,102
classic_breaks,102 BPM - Soul Patrol - Peter Pan.wav,830160,cd3477c2d1e3d97351e459ff21adbb16887aafe6a9fa28599bc4efdd8b4606f9,102
classic_breaks,102.1 BPM - Banbarra - Shack Up.wav,1658652,971532b092245e5ac72065d6d8740322b344fb898bb3ab00a0f8a231cdbea72d,102.1
classic_breaks,102.2 BPM - Lafayette Afro Rock Band - Hihache.wav,1657028,43ac9170948d6f73550dce8c47336772617d61f2e49d0a023c3571c3a2eca007,102.2
classic_breaks,102.8 BPM - Thin Lizzy - Johnny the Fox.wav,823700,cad2a14923f07c6110e7d655fa520e7da4c0928aa27d5c407bb6e7aedaaf3b87,102.8
classic_breaks,102BPM - Bad Bascomb - Black Grass.wav,3614830,36cdd02ffd6cf500d0b3c30d1f86c2a6ebf43bf80f79a44c122285f70c52ec07,102
classic_breaks,103.4 BPM - One Way - Cutie Pie.wav,818920,e47e03e3999fdd7a3ee0d28416a57c66da0a7d936b2485d9d126f219552a9495,103.4
classic_breaks,104.6 BPM - Ike & Tina Turner - Honky Tonk Woman.wav,809524,448f4545b46f7981266580ae4ef0cfaf51af096632b8ae7e5a5a355de05af95d,104.6
classic_breaks,105.35 BPM - Ike & Tina Turner - Cussin Cryin.wav,1607484,e4d44845f3119d5d6d0e5eb23d0bfa0b56383ebd168852866e783b013f27a135,105.35
classic_breaks,106.55 BPM - James Taylor - Knockin' Round The Zoo.wav,1589380,c30c3a2ecd1c67cd79425825b7e4cda0dd15569a21c882196d7a1de76e0215e3,106.55
classic_breaks,107.6 BPM - The Vibrettes - Humpty dump.wav,786956,52400b8fc79942ce14bb279710edb16aad7f8d4ee5343b5c36687df167b3f9d7,107.6
classic_breaks,108BPM - Captain Sky - Super Sperm.wav,3414046,eb613c6f8b07c7242fd6202d2f318ca828849d3a71a1cc388eb798b49178aa1d,108
classic_breaks,110 BPM - Bar Kays - Let's Have Some Fun.wav,1539532,da1a738452fa9940c011916f425415a3dcd4acbcd2958c1481d727997be752ac,110
classic_breaks,110BPM_Dennis Coffey - Scorpio.wav,3351982,0c472d3a32116dceb3bebf5c2f87303a2adb91cba93a5022c56a7844a8bc3089,110
classic_breaks,113.10 BPM - J.C. Davis - A New Day.wav,1497336,43b9f5ef2348bb4fd26e8c4f94373fcd0417bd432c0b3898465ed79c636592fd,113.10
classic_breaks,71BPM - Ohio Players - Never Had A Dream.wav,5192822,6b17792c48d880e77f4e60cd887164dc0e1c42ab2775e1b0b475e33dfbc3f4e4,71
classic_breaks,72.4 BPM - Fleetwood Mac - Prove Your Love.wav,1169544,930d9c7b002296709ba42e5a6bcefa5edd4d07d4f761bb244080ae2d43fb4939,72.4
classic_breaks,73.2 BPM - Fancy - Feel Good.wav,2313484,e78d39223094c284a1c40760e2d17d26dcfe94d72a9369d219b0694912a7330f,73.2
classic_breaks,74 BPM - Bob Azzam - Rain Go Away.wav,1144260,7e45f4e69c51d1742a06a91b47957e3013465de3c8d9811df4d18afa59eb974a,74
classic_breaks,74.25 BPM - Love - Doggone.wav,570224,cc2204c59d0319f9d05f739215afecccb9e0aba028cbda188a1caa5b8edf5039,74.25
classic_breaks,76BPM - Led Zeppelin - When The Levee Breaks.wav,2228180,33ef8bbdf8fec40122e6f54eb3988f97d4a6f774701f81e033300a8fca685e9c,76
classic_breaks,77.65 BPM - The Jackson Five - Ain't No Sunshine.wav,2180904,07d1080cf0a468303d8fb5744fa31babc711a1277d17301fca798ac64136fb04,77.65
classic_breaks,78.70BPM - Little Richard - The Rill Thing.wav,4684830,ebeb6508be7f7124844ce94bd68095adbefde6f5eec4f06300eb7b3af4ede31d,78.70
classic_breaks,79.4 BPM - Dexter Wansel - Theme From The Planets.wav,1066440,6012ec7068f59a4701e17403f55d314503c1299fc6747939348103b7ea30224b,79.4
classic_breaks,79BPM - Brian Auger's Oblivion Express - Compared To What.wav,4668104,48c67d3e09da3169bf3f6a0df321566f1c3c9792fa8d6d653b01a6b3899dfe13,79
classic_breaks,81.50BPM - Libelous.wav,4524968,10a3911b782de855103841e6bfe63a2dba0a31f5aacdee5340f7068a77f26f73,81.50
classic_breaks,82BPM - Power of zeus-The sorcerer of Isis.wav,4496318,7ade7c7d9a9d512aa16acde68be07618243198ba9fefd7beea088cd82a767447,82
classic_breaks,83.25 BPM - Isaac Hayes - Breakthrough.wav,2034204,c41678b8e74cedd8f59863eb1e3a3392c06162f8d462b2de6a26bf099eebbb7e,83.25
classic_breaks,84 BPM - The 5th Dimension - The Rainmaker .wav,2016044,49441d84e3ed98552cf7bc46e51685dde0bc0cdc7241ca9698c70d49e258d54e,84
classic_breaks,84.22 BPM - Isaac Hayes - Joy.wav,2010776,7b8d26db5bea938bd7c4fe4459b361450c98e7505085b70509dfcec6a67044e7,84.22
classic_breaks,84.5 BPM - Annette Peacock - Survival.wav,2005178,e772634ded834d8388319f8063edd1448242319ed9e9a55a097623fb8fb2671c,84.5
classic_breaks,85 BPM - Barry White - I'm Gonna Love You Just A Little More.wav,1992324,960ed121318c5439e7b451c4e5d349a003e39d15ede05a44f4b8ee8fa1358044,85
classic_breaks,85.7 BPM - Jackie Jackson Is It Him or Me.wav,1977118,a68928db38fdde37d5dd041a53e5b6a4a8df802cf1a9d79ab45df369c2965869,85.7
classic_breaks,85BPM - Tony Cook & The GA's - Slip the Drummer Some.wav,1992252,7da9b74d8e5c356fb471dc519ca670e3d580c22db989b38aabf66515575c82bc,85
classic_breaks,86 BPM - Allen Toussaint - Get Out My life Woman.wav,984600,8c7bab8a459dddcdf0d9ea6a1dfe11a75fb419040d885e9c811c8043011b3334,86
classic_breaks,86.4 BPM - Monk Higgins - One Man Band.wav,980044,b169f7064bf544235b3dbbc7c617062ee985b94bde752945b6596fae1f86cc5e,86.4
classic_breaks,87.4 BPM - Junior Mance - Thank You.wav,968828,f1b498b45e0455fa81124fe0f2eacd1c74d73b7e2655f1124eded3ce124bf937,87.4
classic_breaks,87.50BPM_Mustangs - How Funky Can You Get.wav,1935332,0cf6683d76c912ee2c5237c3b14cac504a377b8f8dc180fb212d8d29d1bd616b,87.50
classic_breaks,87.6 BPM - Rare Earth - I Just Want to Celebrate.wav,966616,121c082824a19c4113c7d8013ed7d22475983177125e0bf9be59a819323273f5,87.6
classic_breaks,88 BPM - Dee Dee - get out my life woman.wav,962224,8c3fcdab2b47c168e8ee15065531530201f2f760f0beaa596895002bed6c77bc,88
classic_breaks,89.2 BPM - Joe Tex - Papa Was Too.wav,949280,c9aa4bb39d954bfcb2c79b3b00730f0961bd0ba39498bb18aabbe06acb7b0f76,89.2
classic_breaks,89.6 BPM - Clyde McPhatter - Mixed Up Cup.wav,944304,4ac521c7e642a66c93e2ba84ff39325985421ea1200152206a18655d7b972ad2,89.6
classic_breaks,89BPM - Jake Wade and The Soul Searchers - Searching For Soul.wav,1902712,344d643b18e38373721e8fb139c6d2eda7244c691f5586ce9273782ee9dff959,89
classic_breaks,90.4 BPM - Lee Dorsey - Get Out Of My Life Woman.wav,936680,387143f2d72ffb24adc3ebc3e7c613b955e1c2ed44e738ed9925ab7c9dae6457,90.4
classic_breaks,90BPM - Pointer Sisters - Yes We Can Can.wav,1881568,9f94ce719153ee071f19bc774e6680f796f75a73b8785ffd0105cf3dc00cdfce,90
classic_breaks,90BPM_Waltel Branco - Meu Balanco.wav,4096710,84d1e181e962c88e27d36b9b9be6ec2a6645c230e5d204773747a23c5d7c73fd,90
classic_breaks,91.1 BPM - Young Holt Unlimited - Wah-Wah Man.wav,929484,2f7139b097bc13f5d214baec2622f87844aac5a805218fe3603b0dab5dc1d8a5,91.1
classic_breaks,92.3 BPM - Five Stairsteps - Don't Change Your Love.wav,1834756,944ca8df89ac8d817361c0789eed808294b8b1e5a33be5ddad0a1486fb60ffd4,92.3
classic_breaks,92.6 BPM - Kid Dynamite - Uphill Peace of Mind.wav,914428,8ffa18b9f78a782c0ac527203758f250a532724a4023dfdc892d3dea8b6de95c,92.6
classic_breaks,92.7 BPM - Lou Donaldson - Ode To Billie Joe.wav,913440,c88d5d0c47c572f407ba43d96649a8b297f3cb1243b5016f8eb7f083efcbda02,92.7
classic_breaks,92BPM - Meters - Here Comes The Meter Man.wav,4007662,6db5660cf60ee4c3724579477ce35fc2c8b31484e6d0c72913f456ca863296a0,92
classic_breaks,"92BPMBPM - Get Out of My Life, Woman - Q65.wav",4007662,2085dd6b08909405e32b551fcee4ab5aad30dfeb0475488489632f7cd5805abe,92
classic_breaks,93 BPM - Bill Withers - Kissing My Love.wav,910492,6421cb34f45c83946288f5931fa4e485078290c64764dc9f1cd408c5af05be53,93
classic_breaks,93BPM - Harlem Underground Band Ft. Willis Jackson - Ain't No Sunshine.wav,3964582,33bdefe03865581de7e62789623093ebf5490e76fa399114ddbcabdec351a629,93
classic_breaks,93BPM - Lamont Dozier - Take off your make up.wav,3964582,2d188ce1b3ec36459f1fd6c6eaa99e1a62d6a2d4108b67892ccefce690fbaadd,93
classic_breaks,93BPM - Lou Rawls - Lifetime Monologue.wav,1820872,838bd567f330a895bca48e26501379bfe734eddf3d0baa8257408524a4b7c469,93
classic_breaks,94 BPM - Detroit Emeralds - You're Getting a Little Too Smart.wav,900808,d947ab050c4bf3817bb041f49828f003f05e622b4ecde64bf1e81e61ff78135c,94
classic_breaks,94 BPM - Dr. Lonnie Smith - Spinning Wheel.wav,900808,813e2c8a33b6f9a53711b1d7abad10abd3b609f901bbda6b98295b1ded300e2a,94
classic_breaks,94.24 BPM - The Headhunters - God Make Me Funky.wav,1796984,109551573ec1077c679ba6ade772dabdb143d7d09c65356a9670a804d4fd1560,94.24
classic_breaks,94BPM - Black Sabbath - Behind The Wall of Sleep.wav,3922406,98a193465ee210aa574cb3b4705723ad0f5998686e403b6c5fc08f6295ed48a8,94
classic_breaks,94BPM - The Soul Searchers - Ashley's Roadclip.wav,3922406,8e0415f576fe3379c4b280cff06800bd5416909f200c677dfdfa958b51bf1dab,94
classic_breaks,95.3 BPM - Spooky Tooth - Waiting For The Wind.wav,888520,f0789e8bf532eb9e50c4d5d1360344a6d9c7953fae5139f0e776b164c755030b,95.3
classic_breaks,95.3 BPM - Tom Scott & L.A. Express - Sneakin' In The Back.wav,1777000,e23b1f1207230d9a9b3ec5f3a5c6d6485a3c3bbe93621b6d29326980132f58bb,95.3
classic_breaks,95.4 BPM - Skull Snaps - it's a New Day.wav,887588,fd7aa509781d850e887577f1b89a4ceb221dd9618c39e4b13517fb5aa1863260,95.4
classic_breaks,95.65 BPM - The Honey Drippers - Impeach The President.wav,1770496,c4b3c58007f8fcb3157e036a0b06b654001f6779311861376f1d969ee219b1e5,95.65
classic_breaks,"95BPM - The Mad Lads - Get Out Of My Life, Woman.wav",3881134,2a0c3666e251fb7eede41de2a2aae46ddd53a77548e5825afd0dc2194a260929,95
classic_breaks,96.5 BPM - Melvin Bliss - Synthetic Substitution.wav,881584,f354eae53f397c19137ae558ffc59df4120aefbca558ff3aeb829f0b39915327,96.5
classic_breaks,96.7 BPM - Fausto Papetti - Love's Theme.wav,1751272,589469ab60df00ddfbeb3826c76882a490c6a7b4ab706409662b7dabb883f340,96.7
classic_breaks,97.45 BPM - Jeff Beck - Come Dancing.wav,1737796,1e4c312796b29b8202798e71eeaeca227f6424ee78a60b159fae549aee07a862,97.45
classic_breaks,97BPM - Les Baxter - Hogin' Machine.wav,3801126,bcd8a3875791d9b0af665dad8343e472d2f7969a0a5a3ac4e65d9653e077cb7b,97
classic_breaks,98 BPM - Aerosmith - Walk This Way .wav,864044,c1acfb24a163a02d276abebd3368720568c0659fc099444a5127be431cc76cd5,98
classic_breaks,98 BPM - Alphonse Mouzon - You Don't Know How Much.wav,1728044,8ed90402d9f88e255ae581e6e721485271ca4ac73fcf8385ca8170c68f87fe86,98
classic_breaks,98BPM - Roy Porter - Party Time.wav,3762350,07579a6c11cbd65040564875732ca5789b99ad41f05afde4ec7991a2a2f1b74b,98
classic_breaks,98BPM - Tom Jones - Looking Out My Window.wav,1727972,ea61e3b20323cf992f52c9585da83eadd196407378ba19adda3676452c96dc88,98
classic_breaks,98BPM - World Wonders - Funky Washing Machine.wav,3762350,95ebca49d2521871d2a26e29bd02cbac2527700d92d5c4fc5786b5f3b2957f9a,98
classic_breaks,99 BPM - The Gap Band - Outstanding.wav,1710588,25f2d6fab8eab9d0ffa9fa8db1fa04c22ea657228f7b37b563a80df72a42ea4c,99
classic_breaks,99.5BPM - Chubukos - The House Of Rising Funk.wav,1701920,3255c56c87208927c45e50f873fda9c3a74bc848ae5ba4831c145885d5ce471c,99.5
classic_breaks,99.8 BPM - Dust Brothers & Korn Kick the P A.wav,848460,38dec2098d1ffe69d99b18d45ae49bbba6685a6829546a8287237630c4fca36b,99.8
classic_breaks,99BPM - Galactic Force Band - Space Dust.wav,1710516,0ef4070405f72c134296b4768c7d66d5f1daed0e642d0424330cd8df4ba058e3,99
classic_breaks,99BPM - Manzel - Midnight Theme.wav,1710516,5b4109ee46757a842b304c1b8def20ee9b03410672f4a4ff1c60e7dc39ace9d6,99
