# 16th positions per bar ("|" between bars) from the file start; overdrive_hat=<D:/Drums>/…/Production Music Live - Overdrive - Techno Sound Pack/PML - Samples - Overdrive/Drum Loops/Hat Loops overdrive_ride=<D:/Drums>/…/Production Music Live - Overdrive - Techno Sound Pack/PML - Samples - Overdrive/Drum Loops/Ride Loops audentity_hat=<D:/Drums>/…/_(WAVs)_Hi-Hats_Loops_(125BPM)@125
overdrive_hat_PML_TPK_Hat_Loop_001_135BPM	2 6 10 14
overdrive_hat_PML_TPK_Hat_Loop_002_135BPM	2 6 10 14
overdrive_hat_PML_TPK_Hat_Loop_003_140BPM	2 6 10 14
overdrive_hat_PML_TPK_Hat_Loop_004_140BPM	0 1 2 3 4 5 6 7 8 9 10 11 12 13 14 15
overdrive_hat_PML_TPK_Hat_Loop_006_132BPM	0 1
overdrive_hat_PML_TPK_Hat_Loop_007_135BPM	2 6 10 14
overdrive_hat_PML_TPK_Hat_Loop_008_135BPM	2
overdrive_hat_PML_TPK_Hat_Loop_009_140BPM	0 1 2 3 4 5 6
overdrive_hat_PML_TPK_Hat_Loop_010_138BPM	0 1 2 4 5 6 8 9 10 12 13 14
overdrive_hat_PML_TPK_Hat_Loop_011_135BPM	2 6 10 13 14
overdrive_hat_PML_TPK_Hat_Loop_012_135BPM	1 2 3 5 7 9 10 11 13 15
overdrive_hat_PML_TPK_Hat_Loop_013_135BPM	0 2 4 6 8 10 12 14
overdrive_hat_PML_TPK_Hat_Loop_015_138BPM	0 1 2 3 4 5 6 7 8 9 10 11 12 13 14 15
overdrive_ride_PML_TPK_Ride_Loop_001_135BPM	2 6 10 14
overdrive_ride_PML_TPK_Ride_Loop_002_135BPM	0 2 6 10 14
overdrive_ride_PML_TPK_Ride_Loop_003_138BPM	0 2 5 6 9 10 13 14
overdrive_ride_PML_TPK_Ride_Loop_004_140BPM	2 5 6 9 10 13 14
overdrive_ride_PML_TPK_Ride_Loop_005_130BPM	0
audentity_hat_01 Hihat Loop	2 6 10 14|2 6 10 14
audentity_hat_02 Hihat Loop	2 6 10 14|2 6 10 14
audentity_hat_03 Hihat Loop	0 1 2 3 4 5 6 7 8 9 10 11 12 13 14 15|0 1 2 3 4 5 6 7 8 9 10 11 12 13 14 15
audentity_hat_04 Hihat Loop	2 6 10 11 14|2 6 10 14||
audentity_hat_05 Hihat Loop	2 6 10 14|2 6
audentity_hat_06 Hihat Loop	0 1 2 3 4 5 6 7 8 9 10 11 12 13 14 15
audentity_hat_07 Hihat Loop	2 6 10 14|2 6 10 14
audentity_hat_08 Hihat Loop	2 6 10 14|2 6 10 14
audentity_hat_09 Hihat Loop	2 6 10 14
audentity_hat_10 Hihat Loop	2 6 10 14
audentity_hat_11 Hihat Loop	2 6 10 14
audentity_hat_12 Hihat Loop	2
audentity_hat_13 Hihat Loop	2 6 10 14
audentity_hat_14 Hihat Loop	0 1 2 3 4 5 6 7 8 9 10 11 12 13 14 15
audentity_hat_15 Hihat Loop	2 6 10 14|2 6 10 13 14
audentity_hat_16 Hihat Loop	2 3 6 10 14 15|2 6 10 11 14 15
audentity_hat_17 Hihat Loop	0 1 2 4 5 6 8 9 10 12 13 14
audentity_hat_18 Hihat Loop	0 1 2 3 4 5 6 7 8 9 10 11 12 13 14 15|0 1 2 3 4
audentity_hat_19 Hihat Loop	0 2 5 6 8 10 12 13 14|0 2 4 5 6 8 10 12 14 15|0 2 5 6 8 10 12 13 14|0 2 5 6 8 10 13 14
audentity_hat_20 Hihat Loop	0 2 6 10 14|2 6 10 14|2 6 8 10 14|2 6 10 14
audentity_hat_21 Hihat Loop	0 1 2 3 4 5 6 7 8 9 10 11 12 13 14 15|0 1 2 3 4 5 6 7 8 9 10 11 12 13 14 15
audentity_hat_22 Hihat Loop	2 6 10 14|2 6 10 14
audentity_hat_23 Hihat Loop	0 2 3 4 6 7 8 10 11 12 14 15|0 2 3 4 6 7 8 10 11 12 14 15
audentity_hat_24 Hihat Loop	2 6 10 14|2 6 10 14
audentity_hat_25 Hihat Loop	2 6 10 14|2 6 10 14
audentity_hat_26 Hihat Loop	2 6 10 14|2 6 10 14 15
audentity_hat_27 Hihat Loop	2 6 10 14|2 6 10 14
