# Techno full-drum reference: every onset of a loop (Strpd + Top_a + Top_b layers merged), 16th positions per bar, "|" between bars.
# Ghosthack Ultimate Techno Essentials GUT_Drum_Loops (50 loops, 118-127 BPM), HPDG_BreakLab analyze --bpm <label> --hits,
# step = round(t / 16th) from the file start. Compare with the lab column drumBars. See docs/audit/TECHNO_STAGE.md step 2.
gut_01	0 1 2 3 4 6 8 10 11 12 14|0 1 2 4 6 8 10 11 12 14|0 1 2 3 4 6 7 8 10 11 12 14|0 1 2 4 6 8 10 11 12 14
gut_02	0 2 3 4 6 8 10 12 14|0 2 4 6 8 10 12 14|0 2 4 6 8 10 12 14|0 2 4 6 8 9 10 11 12 14
gut_03	0 2 3 4 6 8 10 12 14|0 2 3 4 6 8 10 12 14|0 2 3 4 6 8 10 12 14|0 2 3 4 6 8 10 12 14
gut_04	0 2 4 6 7 8 10 11 12 14|0 1 2 4 6 7 8 10 11 12 14|0 2 4 6 7 8 10 11 12 14|0 1 2 4 6 7 8 10 11 12
gut_05	0 1 2 4 6 8 9 10 12 14 15|0 1 2 4 6 8 9 10 12 13 14 15|0 1 2 4 6 8 9 10 12 14 15|0 1 2 4 6 8 9 10 12 13 14 15
gut_06	0 2 4 6 8 10 12 14|0 2 4 6 8 10 12 14|0 2 4 6 8 10 12 14|0 2 4 6 8 10 12 14
gut_07	0 1 2 3 4 5 6 7 8 9 10 11 12 13 14 15|0 1 2 3 4 5 6 7 8 9 10 11 12 13 14 15|0 1 2 3 4 5 6 7 8 9 10 11 12 13 14 15|0 1 2 3 4 5 6 7 8 9 10 11 12 13 14 15
gut_08	0 2 4 6 8 10 12 14|0 2 4 6 8 10 12 14|0 2 4 6 8 10 12 14|0 2 4 6 8 10 11 12 14
gut_09	0 2 4 6 7 8 12|0 2 4 6 7 8 12|0 2 4 6 7 8 12|0 2 4 6 7 10
gut_10	0 2 4 6 8 10 12 14|0 2 4 6 8 10 12 14|0 2 4 6 8 10 12 14|0 2 4 6 8 10 12 14
gut_11	0 2 3 4 6 7 8 10 12 14 15|0 2 3 4 6 7 8 10 12 14 15|0 2 3 4 6 8 10 12 14 15|0 2 3 4 6 7 8 10 12 14 15
gut_12	0 1 2 3 4 6 8 10 12 14|0 1 2 3 4 6 8 10 12 14|0 1 2 3 4 6 8 10 12 14|0 1 2 3 4 6 8 10 12 14
gut_13	0 2 4 6 8 10 12 14|0 2 4 6 8 10 12 14|0 2 4 6 8 10 12 14|0 2 4 6 10 12 13 14
gut_14	0 1 2 3 4 5 6 7 8 9 10 11 12 13 14 15|0 1 2 3 4 5 6 7 8 9 10 11 12 13 14 15|0 1 2 3 4 5 6 7 8 9 10 11 12 13 14 15|0 1 2 3 4 5 6 7 8 9 10 11 12 13 14 15
gut_15	0 2 4 5 6 8 10 12 14|0 2 4 5 6 8 10 12 14|0 2 4 5 6 8 10 12 14|0 2 3 4 5 6 8 10 11 12 13 14
gut_16	0 1 2 4 6 7 8 9 10 12 14|0 1 2 4 6 7 8 9 10 12 14|0 1 2 4 6 7 8 9 10 12 14|0 1 2 4 6 7 8 9 10 12 14
gut_17	0 2 4 6 8 10 12 14|0 2 4 6 8 10 12 14|0 2 4 6 8 10 12 14|0 2 4 6 8 10 12 14
gut_18	0 2 3 4 6 7 8 10 11 12 14 15|0 2 3 4 6 7 8 10 11 12 14 15|0 2 3 4 6 7 8 10 11 12 14 15|0 2 3 4 6 7 8 10 11 12 14 15
gut_19	0 1 2 4 5 6 8 9 10 12 13 14|0 1 2 4 5 6 8 9 10 12 13 14|0 1 2 4 5 6 8 9 10 12 13 14|0 1 2 4 5 6 9 10 12 13 14
gut_20	0 2 4 6 8 10 12 14|0 2 4 6 8 10 12 14|0 2 4 6 8 10 12 14|0 2 4 6 10 12 14
gut_21	0 1 2 3 4 6 8 10 12 14|0 1 2 3 4 6 8 10 12 14|0 1 2 3 4 6 8 10 12 14|0 1 2 3 4 6 10 14
gut_22	0 2 4 5 6 8 10 11 12 13 14|0 2 4 5 6 8 10 11 12 13 14|0 2 4 5 6 8 10 11 12 13 14|0 2 4 5 6 8 10 11 12 13 14
gut_23	0 2 4 6 8 10 12 14|0 2 4 6 8 10 12 14|0 2 4 6 8 10 12 14|0 2 4 6 8 10 12 14
gut_24	0 4 6 8 10 12|0 4 6 8 10 12 14|0 4 6 8 10 12|0 2 4 6 8 10 12 14
gut_25	0 1 2 3 4 5 6 8 9 10 11 12 13 14 15|0 1 2 3 4 5 6 8 9 10 11 12 13 14|0 1 2 3 4 5 6 8 9 10 11 12 13 14 15|0 1 2 3 4 5 6 8 10 11 12 13 14
gut_26	0 1 2 4 6 8 9 10 12 14|0 1 2 4 6 8 9 10 12 13 14|0 1 2 4 6 8 9 10 12 14|0 1 2 4 6 8 9 10 12 14
gut_27	0 2 4 6 8 10 12 14|0 2 4 6 8 10 12 14|0 2 4 6 8 10 12 14|0 2 4 6 8 10 12 14
gut_28	0 2 3 4 6 8 9 10 12 14|0 2 4 6 8 9 10 12 14|0 2 4 6 8 9 10 12 14|0 2 6 9 10 14
gut_29	0 2 3 4 5 6 8 9 10 12 13 14 15|0 1 2 4 6 8 10 12 13 14|0 1 2 4 5 6 8 9 10 11 12 14|0 1 2 6 9 10 11 13 14
gut_30	0 1 2 3 4 6 7 8 9 10 11 12 14|0 1 2 3 4 6 8 9 10 11 12 14|0 1 2 4 6 8 9 10 11 12 14 15|0 1 4 6 8 11 12 14
gut_31	0 2 4 8 12|0 1 2 4 8 12|0 2 4 8 12|0 1 2 4 8 12
gut_32	0 1 2 4 6 8 10 12 14|0 1 2 4 6 8 9 11 12 14|0 1 2 4 6 8 10 12 14|0 1 2 4 6 8 9 10 11 12 14
gut_33	0 2 4 6 7 8 10 12 14|0 2 4 6 7 8 10 12 14|0 2 3 4 6 8 10 11 12 14|0 2 3 4 6 8 10 11 12 14
gut_34	0 2 4 6 8 10 12 14|0 2 4 6 8 10 12 14|0 2 4 6 8 10 12 14|0 2 4 6 8 10 12 14
gut_35	0 2 4 6 8 10 12 14|0 2 4 6 8 10 12 14|0 2 4 6 8 10 12 14|0 2 4 6 8 10 12 14
gut_36	0 1 2 3 4 6 8 10 12 14|0 1 2 3 4 6 8 10 12 14|0 1 2 3 4 6 8 10 12 14|0 1 2 3 4 6 8 10 12 14
gut_37	0 2 4 5 8 12|0 2 4 5 8 12|0 2 4 5 8 12|0 2 4 5 8 12
gut_38	0 2 4 6 8 10 12 13 14|0 2 4 6 8 10 12 13 14|0 2 4 6 8 10 12 13 14|0 2 4 6 8 10 11 12 14
gut_39	0 2 3 4 6 7 8 10 11 12 14 15|0 2 3 4 6 7 8 10 11 12 14 15|0 2 3 4 6 7 8 10 11 12 14 15|0 2 3 4 6 7 8 10 11 12 14 15
gut_40	0 2 4 6 8 10 12 14|0 2 4 6 8 10 12 14|0 2 4 6 8 10 12 14|0 2 4 6 8 10 12 14
gut_41	0 1 2 3 4 6 8 9 10 11 12 14|0 1 2 3 4 6 8 9 10 11 12 14|0 1 2 3 4 6 8 9 10 11 12 14|0 1 2 3 4 6 7 8 9 10 11 12 14
gut_42	0 1 2 3 4 5 6 7 8 9 10 11 12 13 14 15|0 1 2 3 4 5 6 7 8 9 10 11 12 13 14 15|0 1 2 3 4 5 6 7 8 9 10 11 12 13 14 15|0 1 2 3 4 5 6 7 8 9 10 11 12 13 14 15
gut_43	0 2 4 8 11 12|0 2 4 8 11 12|0 2 4 8 11 12|0 2 4 11
gut_44	0 2 4 5 6 8 10 12 14|0 2 4 5 6 8 10 12 14|0 2 4 5 6 8 10 12 14|0 2 4 5 6 10 12 14
gut_45	0 1 3 4 6 8 12|0 1 4 8 12 14|0 1 3 4 6 8 12|0 1 4 8 12 14
gut_46	0 2 3 4 5 6 8 9 10 11 12 14|0 2 3 4 5 6 8 9 10 11 12 14|0 2 3 4 5 6 8 9 10 11 12 14|0 2 3 4 5 6 8 9 10 11 12 14
gut_47	0 2 4 6 8 10 12 14|0 2 4 6 8 10 11 12 14|0 2 4 6 8 10 12 14|0 2 4 6 8 10 11 12 14
gut_48	0 1 3 4 5 7 8 9 11 12 13 15|0 1 3 4 5 7 8 9 11 12 13 15|0 1 3 4 5 7 8 9 11 12 13 15|0 1 3 4 5 7 8 9 11 12 13 15
gut_49	0 2 4 6 8 10 12 14|0 2 4 6 8 10 12 14|0 2 4 6 8 10 12 14|0 2 4 6 8 10 12 14
gut_50	0 1 2 3 4 6 7 8 10 12 14|0 2 4 6 7 8 10 12 14|0 1 2 3 4 6 7 8 10 12 14|0 2 4 6 7 8 10 12 14
