# 16th positions per bar ("|" between bars) from the file start; weska_tops=<D:/Drums>/…/PML x Weska - Peak Time Techno Sample Pack/PML_Weska_Tops (30) overdrive_top=<D:/Drums>/…/Production Music Live - Overdrive - Techno Sound Pack/PML - Samples - Overdrive/Drum Loops/Top Loops
weska_tops_PML_Weska_TOPS_10_128bpm	2 6 10 14|2 6 10 14|2 6 10 14|2 6 10 14
weska_tops_PML_Weska_TOPS_11_128bpm	2 6 10 14|2 6 10 14|2 6 10 14|2 6 10 14
weska_tops_PML_Weska_TOPS_12_128bpm	2 6 10 14|2 6 10 14|2 6 10 14|2 6 10 14
weska_tops_PML_Weska_TOPS_13_128bpm	0 1 2 4 5 6 8 9 10 12 13 14|0 1 2 4 5 6 8 9 10 12 13 14|0 1 2 4 5 6 8 9 10 12 13 14|0 1 2 4 5 6 8 9 10 12 13 14
weska_tops_PML_Weska_TOPS_14_128bpm	0 1 2 4 5 6 8 9 10 12 13 14|0 1 2 5 6 9 10 12 13 14|0 1 2 4 5 6 8 9 10 12 13 14|0 1 2 5 6 9 10 12 13 15
weska_tops_PML_Weska_TOPS_15_128bpm	2 6 10 14|2 6 10 14|2 6 10 14|2 6 10 14
weska_tops_PML_Weska_TOPS_16_128bpm	0 2 4 6 8 10 12 14|0 2 4 6 8 10 12 14|0 2 4 6 8 10 12 14|0 2 3 4 6 8 10 12 14
weska_tops_PML_Weska_TOPS_17_128bpm	0 1 2 5 6 9 10 13 14|0 1 2 5 6 9 10 13 14|0 1 2 5 6 8 9 10 13 14|0 1 2 5 6 9 10 14
weska_tops_PML_Weska_TOPS_18_128bpm	2 6 10 14|2 6 10 14|2 6 10 14|2 6 10 14
weska_tops_PML_Weska_TOPS_19_128bpm	0 1 2 3 4 5 6 7 9 10 11 12 13 14 15|1 2 3 5 6 7 9 10 11 12 13 14 15|1 2 3 4 5 6 7 9 10 11 12 13 14 15|1 2 3 6 8 10 12 13 14 15
weska_tops_PML_Weska_TOPS_1_128bpm	0 3 7 11 15|3 7 12|0 4 8 12|0 4 8 12
weska_tops_PML_Weska_TOPS_20_128bpm	1 2 3 5 6 7 9 10 11 13 14 15|1 2 3 5 6 7 9 10 11 13 14 15|1 2 3 5 6 7 9 10 11 13 14 15|1 2 3 5 6 7 9 10 11 13 14 15
weska_tops_PML_Weska_TOPS_21_128bpm	0 2 3 4 6 7 8 10 11 12 14 15|0 2 3 4 6 7 8 10 11 12 14 15|0 2 3 4 6 7 8 10 12 14 15|0 2 3 4 6 7 8 10 11 12 14
weska_tops_PML_Weska_TOPS_22_128bpm	1 2 5 6 9 10 13 14|1 2 5 6 9 10 13 14|1 2 5 6 9 10 13 14|1 2 5 6 10 14 15
weska_tops_PML_Weska_TOPS_23_128bpm	2 6 10 14|2 6 10 14|2 6 10 14|2 6 10 14
weska_tops_PML_Weska_TOPS_24_128bpm	0 1 2 3 4 5 6 7 8 9 10 11 12 13 14 15|0 1 2 3 4 5 6 7 8 9 10 11 12 13 14 15|0 1 2 3 4 5 6 7 8 9 10 11 12 13 14 15|0 1 2 3 4 5 6 7 8 9 10 11 12 13 14
weska_tops_PML_Weska_TOPS_25_128bpm	2 6 10 14|2 6 10 14|2 6 10 14|2 6 10 15
weska_tops_PML_Weska_TOPS_26_128bpm	2 5 6 10 13 14|2 5 6 10 13 14|2 5 6 10 13 14|2 5 6 10 13 14
weska_tops_PML_Weska_TOPS_27_128bpm	0 1 2 3 4 5 6 7 8 9 10 11 12 13 14 15|0 1 2 3 4 5 6 7 8 9 10 11 12 13 14 15|0 1 2 3 4 5 6 7 8 9 10 11 12 13 14 15|0 1 2 3 4 5 6 7 8 9 10 11 13 14 15
weska_tops_PML_Weska_TOPS_28_128bpm	0 1 2 5 9 13|1 2 5 6 9 13|1 5 9 13|1 2 5 9 14
weska_tops_PML_Weska_TOPS_29_128bpm	0 1 2 4 5 6 8 9 10 12 13 14|0 1 2 4 5 6 8 9 10 12 13 14|0 1 2 4 5 6 8 9 10 12 13 14|0 1 2 4 5 6 9 10 13 14 15
weska_tops_PML_Weska_TOPS_2_128bpm	0 1 2 6 10 14|2 6 10 14|2 6 10 14|2 6 10 15
weska_tops_PML_Weska_TOPS_30_128bpm	2 6 7 10 13|2 3 6 7 10 13 14|2 6 7 10 13 14|2 3 6 7 10 14
weska_tops_PML_Weska_TOPS_3_128bpm	0 2 6 10 14|2 6 10 14|2 6 10 14|2 6 10 14
weska_tops_PML_Weska_TOPS_4_128bpm	0 2 3 5 7 8 10 11 13 15|0 2 3 5 7 8 10 11 13 15|0 2 3 5 7 8 10 11 13 15|0 2 3 5 7 8 10 11 13 15
weska_tops_PML_Weska_TOPS_5_128bpm	0 2 6 10 14 15|2 6 10 13 14 15|2 6 10 14 15|2 6 10 13 14
weska_tops_PML_Weska_TOPS_6_128bpm	0 1 2 3 4 5 6 7 8 9 10 11 12 14 15|0 1 2 3 4 6 7 8 9 10 11 12 13 14 15|0 1 2 3 4 5 6 7 8 9 10 11 12 14 15|0 1 2 3 4 6 7 8 9 10 11 12 13 14 15
weska_tops_PML_Weska_TOPS_7_128bpm	0 2 3 6 7 10 11 14 15|2 3 6 7 10 11 14 15|2 3 6 7 10 11 14 15|2 3 6 7 10 11 15
weska_tops_PML_Weska_TOPS_8_128bpm	0 2 4 5 6 7 8 9 10 12 13 14|0 1 2 4 5 6 8 9 10 12 13 14|0 1 2 4 5 6 8 10 12 14|0 2 5 6 9 10 13 14
weska_tops_PML_Weska_TOPS_9_128bpm	0 1 2 3 4 5 6 7 8 9 10 11 12 13 14 15|0 1 2 3 4 5 6 7 8 9 10 11 12 13 14 15|0 1 2 3 4 5 6 7 8 9 10 11 12 13 14 15|0 1 2 3 4 5 6 7 8 9 10 11 12 14
overdrive_top_PML_TPK_Top_Loop_001_135BPM	1 2 6 9 10 14|2 6 10 14|1 2 6 9 10 14|1 2 6 9 10 14
overdrive_top_PML_TPK_Top_Loop_002_138BPM	1 2 3 5 6 7 9 10 11 13 14 15|1 2 3 5 6 7 9 10 11 13 14 15
overdrive_top_PML_TPK_Top_Loop_003_138BPM	0 2 3 4 6 7 8 10 11 12 14 15|0 2 3 4 6 7 8 10 11 12 14 15
overdrive_top_PML_TPK_Top_Loop_004_132BPM	0 2 6 8 10 14|0 2 6 8 10 14
overdrive_top_PML_TPK_Top_Loop_005_132BPM	0 2 4 6 10 12 14|2 4 6 10 12 14
overdrive_top_PML_TPK_Top_Loop_006_135BPM	1 2 4 5 6 9 10 12 13 14|1 2 4 5 6 9 10 12 13 14
overdrive_top_PML_TPK_Top_Loop_007_135BPM	0 1 2 5 6 8 9 10 13 14|0 1 2 4 5 6 9 10 12 13 14 15
overdrive_top_PML_TPK_Top_Loop_008_140BPM	2 6 10 14|2 6 10 14
overdrive_top_PML_TPK_Top_Loop_009_138BPM	0 2 4 6 8 10 12 14|0 2 4 6 8 10 12 14
overdrive_top_PML_TPK_Top_Loop_010_135BPM	1 2 3 5 6 7 9 10 11 13 14 15|1 2 3 5 6 7 9 10 11 13 14 15
