# Trap kick / 808 reference: name, kick 16ths per bar, 808-start 16ths per bar ("|" between bars).
# Rebuild and statistics: tools/trap_808_reference.py. See docs/audit/TRAP_STAGE.md step 4.
ghkit_01_midi	0 6|2 4 10|0 12|2 10 14|0 6|2 4 10|0 12|2 10 14	0 4 12|4 12|0 4 12|4 10 12|0 4 12|4 12|0 4 12|4 10 12
ghkit_02_midi	0 10 14|4 14|0 6 10 14|4 10 14|0 10 14|4 14|0 6 10 14|4 10 14	0 10|0 10|0 10|0 10|0 10|0 10|0 10|0 10
ghkit_03_midi	0 10|6 10|0 10|0 2 6 12 14|0 10|6 10|0 10|0 2 6 12 14	0 4 10|0 6 12|4 10|0 6 12 14|0 4 8 10|0 6 12|4 10|0 6 12 14
ghkit_04_midi	0 12|6 10|0 12|4 6 10 14|0 12|6 10|0 12|4 6 10 14	0 12|4 10|0 12|4 6 12|0 12|4 10|0 12|4 6 12
ghkit_05_midi	0 12|4 10|4 10 12|4 10 14|0 12|4 10|4 10 12|4 10 14||||||||	0|0|0||0|0|0||0 12|4 10|0|4 10|0 12|4 10|0|4 10
ghkit_06_midi	0 10|2 6 12 14|2 12|4 10 12|0 10|2 6 12 14|2 12|4 10 12	0 10|4 10 12 14|0 12|4 10|0 10|4 10 12 14|0 12|4 10
ghkit_08_midi	0 10|0 10 14|0 10|0 10 14|0 10|0 10 14|0 10|0 10 14	0 6 8 12|0 6 8 10 13|0 6 8 12|6 10 13|0 6 8 12|0 6 8 10 13|0 6 8 12|6 10 13
ghkit_09_midi	0 7 10|0 3 10 13 15|0 7 10|0 3 10 13 15|0 7 10|0 3 10 13 15|0 7 10|0 3 10 13 15||||||||	0 12|0|0 12|0 12|0 12|0|0 12|0 12|0 2 10 13|0 6 10 12|0 2 10 13|0 6 10 12|0 2 10 13|0 6 10 12|0 2 10 13|0 6 10 12
ghkit_10_midi	0 2 14|2 4|0 2 10 14|2 4 6 12|0 2 14|2 4|0 2 10 14|2 4 6 12||||||||	0 12||0 12|8|0 12||0 12|8|0 12|4|0 12|12|0 12|4|0 12|12
cr2_01_150	0|4|0 2|4|0|4|0 2|4	0|4 10|0|4 10|0|4 10|0|4 10
cr2_02_158	0 12|2 4 14|0 12|4|0 12|2 4 14|0 12|4	0 6 12|2 10|0 12|2 4 10|0 6 12|2 10|0 12|2 4 10
cr2_07_160	0 2|4 10 15|0 2|	0|4 6 10 14|0 6|4 10
cr2_08_140	0|2 4 8 12|0|2 4 10 15|0|2 4 8 12|0|2	0 2 8|4 8 12|0 2 8|4 6 10|0 2 8|4 8 12|0 2 8|4 6 10
cr2_09_150	0|6|0 2 10|6|0|6|0 2 10|	0|10|0 6 10|10|0|10|0 6 10|10
cr2_10_165	0|15|0|4 10|0 4|14|0 6 12|10	0 2 4|14|0 6 12|10 12|0 4|15|0|4 8 14
cr2_11_154	0 8 10 12|4 10|0 10 12|4	0 10 12|4 14|0 8 10 12|4 10
cr2_12_150	0 12|4 12|0 12|4 9 10 12 14|0 10 12|4 12|0 12|4 10	0 12|4 8 9 10 12 14|0 10 12|4 12|0 12|4 10 13|0 12|4 12
cr2_14_113	0 6 12|2 12 13|0 10 12|2 8	0 12|8 12|12|8 12
