# Trap closed-hat reference: 16th positions per bar holding a hat (0-15), "|" between bars; third column =
# hat notes per bar (rolls counted note by note). Hat stems of the step-1 trap loops (Ghosthack Urban / Hybrid Trap
# Essentials "Hats", Sonic Mechanics UTT2 "HT01"), HPDG_BreakLab analyze --bpm <label> --hits, every onset,
# step = round(t / 16th) from the file start. See docs/audit/TRAP_STAGE.md step 3.
hybrid_01_140_hatstem	0 1 4 6 8 10 12 13|0 1 3 5 8 10 12 14|0 1 4 6 8 10 12 14 15|	8.00
hybrid_01_150_hatstem	0 2 4 5 6 7 8 10 11 12 14 15|0 2 4 6 8 9 11 12 13 15|2 3 4 5 6 7 8 10 12 14 15|0 1 2 4	18.00
hybrid_01_160_hatstem	0 2 4 6 8 10 12 13 14 15|0 1 2 3 4 6 8 10 12 14|0 2 4 6 8 10 12 13 14|0 2 4 6 8 9 11 12 13 15	13.75
hybrid_02_140_hatstem	0 2 3 4 6 8 9 10 12 14 15|0 2 4 5 6 8 10 11 12 14|0 1 2 4 6 7 8 10 12 13 14|0 2 3 4 6 8 9 10 12 13 14	16.50
hybrid_02_150_hatstem	0 2 4 6 8 10 11 12 14|0 2 3 4 6 8 10 12 14|0 2 4 6 8 10 11 12 14|0 1 4	14.75
hybrid_02_160_hatstem	0 2 3 4 6 8 10 11 12 13 14 15|0 1 2 4 6 8 10 11 12 14|0 2 4 5 6 8 10 12 13 14|0 1	11.00
hybrid_03_140_hatstem	0 2 3 4 6 7 8 10 12 13 14|0 2 3 4 6 8 9 10 11 12 13 14 15|0 2 4 5 6 8 10 11 12 13 14|0 1 2	16.50
hybrid_03_150_hatstem	0 2 4 6 8 10 11 12 14|0 2 4 6 7 8 10 11 14|0 2 4 6 8 10 11 14|0 2 4 5	13.25
hybrid_03_160_hatstem	4 6 7 8 10 12 13 14|0 2 4 6 12 14|4 6 8 10 12 13 14|0 2 3 4 6 10 12	7.00
hybrid_04_150_hatstem	0 2 4 6 7 8 10 12 14|0 1 2 3 6 8 10 12 14|0 2 4 5 6 8 10 12 14|0 2 3 4 6 8 10 12 13 15	12.75
urban_01_150_hatstem	4 6 7 10|0 6 10 11 12|4 6 7 10 11 12 13|0 4 10 12 13 14	11.50
urban_02_160_hatstem	8 9 10 11 14|0 2 6 7 10 12 14|2 3 4 6 7 10 14 15|0 3 4 5 10 13	13.50
urban_03_140_hatstem	2 3 4 6 10 12 14|0 3 6 12 13 14 15|2 4 5 10 12 14 15|2 5 10 11	12.50
urban_04_150_hatstem	1 2 3 4 6 9 10 12 14 15|0 2 5 6 9 11 12 14|1 2 3 4 6 9 10 12 15|0 1 2 4 5 9 11 12 13 15	13.25
urban_05_160_hatstem	2 3 4 8 9 10 14 15|0 4 8 12 14|2 4 6 8 10 12 14 15|0 2 6 8 10 12 14	13.50
urban_06_140_hatstem	0 2 4 6 9 10 12 14 15|0 2 4 5 6 9 10 12 14|0 2 4 6 9 10 12 14 15|0 1 2 3 4 5 6 10 11 12 14 15	21.50
urban_07_160_hatstem	0 4 8 12 14|0 4 8 12|0 4 8 12 13 14 15|0 4 8 12	5.25
urban_08_150_hatstem	0 2 4 5 6 8 10 12 14 15|0 2 4 5 6 8 10 11 12 13 15|0 2 4 5 6 7 8 10 12 14|0 1 2 4 5 6 8 9 10 13	20.75
urban_09_150_hatstem	0 2 4 6 10 12 14|0 1 2 3 4 5 6 7 10 12 14|0 2 4 6 7 10 12 14 15|0 1 2 3 4 6 10 11 12 14 15	22.00
urban_10_140_hatstem	0 1 2 3 4 5 6 7 8 10 12 14 15|0 1 2 4 6 7 8 9 11 12 13 15|4 6 7 8 10 12 14|0 3 6 7 8 9 11 12 14	22.75
urban_11_160_hatstem	4 5 6 7 8 9 12 14|1 2 7 10 11 13 14 15|9 10 11 12 13 15|0 2 4 5 7 11 14 15	15.00
urban_12_140_hatstem	4 10 11 12 13|0 1 4 5 6 7 10 11 12 13|2 4 10 11|2 3 6 7 8 9 10 11 14 15	14.50
urban_13_140_hatstem	1 2 3 4 6 9 10 12 14 15|4 5 6 9 10 11 12 14|1 2 3 4 6 9 10 12 15|0 1 2 4 5 9 11 12 13 15	13.25
urban_14_150_hatstem	4 5 6 7|0 1 4 5 10 11 14|2 3 4 5 7 12|0 2 3 7 10 14 15	13.50
urban_15_160_hatstem	0 2 3 4 10 11 12 15|0 1 4 10 14 15|0 2 3 4 10 11 12|0 1 4 6 9 11 12 13 15	9.50
utt2_01_142_hatstem	0 2 4 6 12 13 14 15|0 2 4 6 8 10 12 14 15|0 1 2 4 6 8 10 12 14|0 2 4 6 8 9 11 12 13 15	10.25
utt2_02_142_hatstem	0 2 4 6 8 9 11 12 14|0 2 4 6 8 10|0 1 2 3 4 8 10 11 12 14 15|0 2 3 4 5 6	8.50
utt2_04_145_hatstem	0 1 3 4 5 7 8 9 11 12 13 14 15|0 2 4 6 8 10 12|0 1 3 4 6 8 10 12 14|0 1 3 4 6 8 10 12 13 14 15	13.00
utt2_05_145_hatstem	0 1 3 4 5 7 8 9 10 11 12 13 15|0 2 4 6 8 10 12|0 1 3 4 6 8 10 12 14|0 1 2 3 4 6 8 10 12	12.00
utt2_07_147_hatstem	4 12|4 12|4 12|4 12	2.00
utt2_08_147_hatstem	4 12|4 12|4 12|4 12	2.00
utt2_10_145_hatstem	0 2 4 12 14|0 1 2 4 5 6 7 8 10 12 14|0 1 3 4 6 8 9 11 12 13 15|0	9.75
utt2_11_145_hatstem	0 2 4 6 8 10 12 14|0 1 2 4 5 6 7 10 12 14|0 1 3 4 6 8 9 11 12 13 15|0	9.75
utt2_13_143_hatstem	0 1 2 3 4 5 6 7 8 9 10 11 12 13 14 15|0 1 2 4 5 6 7 8 9 10 11 12 13 14 15|0 1 2 3 4 5 6 7 8 9 10 11 12 13 14 15|0 1 2 3 4 5 6 7 8 9 10 11 12 13 14 15	17.25
utt2_14_143_hatstem	0 1 2 3 4 5 6 7 8 9 11 12 13 15|0 1 2 4 5 6 7 8 9 10 11 12 14|0 1 2 3 4 5 6 7 8 9 11 12 13 15|0 3 4 5 6 7 8 9 10 11 12 14	16.25
